File_DB,Language,Corpus,Code,Age(Month),Sex,Group,Race,SES,Role,Education,Custom_field,Design,Activity,Group...7,Total_Utts,MLU_Utts,MLU_Words,MLU_Morphemes,MLU50_Utts,MLU50_Words,MLU50_Morphemes,FREQ_types,FREQ_tokens,NDW_100,VOCD_D_optimum_average,Verbs_Utt,Word_Errors,Utt_Errors,retracing,repetition,DSS_Utts,DSS,IPSyn_Utts,IPSyn_Total,mor_Words,*-PRESP,in,on,*-PL,*-POSS,u-cop,det:art,*-PAST,*-3S,irr-3S,u-aux,c-cop,c-aux,Total_non_zero_mors,#_participants
Mean,eng,SALT_Convo,.,2;9-3;5,.,TD,.,.,.,.,.,.,Conversation,.,114.5,104.5,3.29,3.59,.,.,.,122.5,338.69,.,.,0.57,.,.,.,.,.,.,.,.,.,.,.,.,.,.,.,.,.,.,.,.,.,.,.,16
Min,eng,SALT_Convo,.,2;9-3;5,.,TD,.,.,.,.,.,.,Conversation,.,48,44,2.27,2.49,.,.,.,62,137,.,.,0.24,.,.,.,.,.,.,.,.,.,.,.,.,.,.,.,.,.,.,.,.,.,.,.,16
Max,eng,SALT_Convo,.,2;9-3;5,.,TD,.,.,.,.,.,.,Conversation,.,235,220,4.74,5.23,.,.,.,220,719,.,.,0.94,.,.,.,.,.,.,.,.,.,.,.,.,.,.,.,.,.,.,.,.,.,.,.,16
SD,eng,SALT_Convo,.,2;9-3;5,.,TD,.,.,.,.,.,.,Conversation,.,60.96,56.59,0.69,0.8,.,.,.,46.02,182.51,.,.,0.2,.,.,.,.,.,.,.,.,.,.,.,.,.,.,.,.,.,.,.,.,.,.,.,16
Mean,eng,SALT_Convo,.,3;9-4;0,.,TD,.,.,.,.,.,.,Conversation,.,118.45,111.27,3.58,3.93,.,.,.,149.91,397.82,.,.,0.62,.,.,.,.,.,.,.,.,.,.,.,.,.,.,.,.,.,.,.,.,.,.,.,11
Min,eng,SALT_Convo,.,3;9-4;0,.,TD,.,.,.,.,.,.,Conversation,.,71,64,2.78,3.02,.,.,.,99,197,.,.,0.45,.,.,.,.,.,.,.,.,.,.,.,.,.,.,.,.,.,.,.,.,.,.,.,11
Max,eng,SALT_Convo,.,3;9-4;0,.,TD,.,.,.,.,.,.,Conversation,.,183,179,5.18,5.82,.,.,.,231,565,.,.,0.93,.,.,.,.,.,.,.,.,.,.,.,.,.,.,.,.,.,.,.,.,.,.,.,11
SD,eng,SALT_Convo,.,3;9-4;0,.,TD,.,.,.,.,.,.,Conversation,.,26.55,28.26,0.77,0.87,.,.,.,37.05,119.49,.,.,0.17,.,.,.,.,.,.,.,.,.,.,.,.,.,.,.,.,.,.,.,.,.,.,.,11
Mean,eng,SALT_Convo,.,4;0-4;4,.,TD,.,.,.,.,.,.,Conversation,.,113.29,108.36,4.11,4.51,.,.,.,157.71,436.71,.,.,0.75,.,.,.,.,.,.,.,.,.,.,.,.,.,.,.,.,.,.,.,.,.,.,.,14
Min,eng,SALT_Convo,.,4;0-4;4,.,TD,.,.,.,.,.,.,Conversation,.,61,56,2.74,3.03,.,.,.,94,252,.,.,0.48,.,.,.,.,.,.,.,.,.,.,.,.,.,.,.,.,.,.,.,.,.,.,.,14
Max,eng,SALT_Convo,.,4;0-4;4,.,TD,.,.,.,.,.,.,Conversation,.,195,190,5.18,5.82,.,.,.,265,966,.,.,0.97,.,.,.,.,.,.,.,.,.,.,.,.,.,.,.,.,.,.,.,.,.,.,.,14
SD,eng,SALT_Convo,.,4;0-4;4,.,TD,.,.,.,.,.,.,Conversation,.,44.24,43.91,0.77,0.85,.,.,.,48.4,194.93,.,.,0.14,.,.,.,.,.,.,.,.,.,.,.,.,.,.,.,.,.,.,.,.,.,.,.,14
Mean,eng,SALT_Convo,.,4;7-5;0,.,TD,.,.,.,.,.,.,Conversation,.,58.25,51.5,4.62,5.1,.,.,.,96.75,238,.,.,0.9,.,.,.,.,.,.,.,.,.,.,.,.,.,.,.,.,.,.,.,.,.,.,.,8
Min,eng,SALT_Convo,.,4;7-5;0,.,TD,.,.,.,.,.,.,Conversation,.,22,17,3.65,4.24,.,.,.,37,62,.,.,0.79,.,.,.,.,.,.,.,.,.,.,.,.,.,.,.,.,.,.,.,.,.,.,.,8
Max,eng,SALT_Convo,.,4;7-5;0,.,TD,.,.,.,.,.,.,Conversation,.,86,79,5.51,6.09,.,.,.,140,371,.,.,1.19,.,.,.,.,.,.,.,.,.,.,.,.,.,.,.,.,.,.,.,.,.,.,.,8
SD,eng,SALT_Convo,.,4;7-5;0,.,TD,.,.,.,.,.,.,Conversation,.,25.29,23.16,0.65,0.64,.,.,.,34.83,104.76,.,.,0.13,.,.,.,.,.,.,.,.,.,.,.,.,.,.,.,.,.,.,.,.,.,.,.,8
Mean,eng,SALT_Convo,.,5;0-5;6,.,TD,.,.,.,.,.,.,Conversation,.,117.76,108.98,4.86,5.34,.,.,.,180.5,536.33,.,.,0.93,.,.,.,.,.,.,.,.,.,.,.,.,.,.,.,.,.,.,.,.,.,.,.,54
Min,eng,SALT_Convo,.,5;0-5;6,.,TD,.,.,.,.,.,.,Conversation,.,22,17,2.81,3.03,.,.,.,37,62,.,.,0.44,.,.,.,.,.,.,.,.,.,.,.,.,.,.,.,.,.,.,.,.,.,.,.,54
Max,eng,SALT_Convo,.,5;0-5;6,.,TD,.,.,.,.,.,.,Conversation,.,329,308,8.5,9.3,.,.,.,384,1594,.,.,1.59,.,.,.,.,.,.,.,.,.,.,.,.,.,.,.,.,.,.,.,.,.,.,.,54
SD,eng,SALT_Convo,.,5;0-5;6,.,TD,.,.,.,.,.,.,Conversation,.,63.39,60.86,0.98,1.07,.,.,.,74.69,327.66,.,.,0.2,.,.,.,.,.,.,.,.,.,.,.,.,.,.,.,.,.,.,.,.,.,.,.,54
Mean,eng,SALT_Convo,.,5;6-6;0,.,TD,.,.,.,.,.,.,Conversation,.,92.4,85.48,4.86,5.36,.,.,.,152.42,416.3,.,.,0.92,.,.,.,.,.,.,.,.,.,.,.,.,.,.,.,.,.,.,.,.,.,.,.,90
Min,eng,SALT_Convo,.,5;6-6;0,.,TD,.,.,.,.,.,.,Conversation,.,18,17,1.93,2.13,.,.,.,34,41,.,.,0.28,.,.,.,.,.,.,.,.,.,.,.,.,.,.,.,.,.,.,.,.,.,.,.,90
Max,eng,SALT_Convo,.,5;6-6;0,.,TD,.,.,.,.,.,.,Conversation,.,288,279,7.07,7.83,.,.,.,309,1168,.,.,1.48,.,.,.,.,.,.,.,.,.,.,.,.,.,.,.,.,.,.,.,.,.,.,.,90
SD,eng,SALT_Convo,.,5;6-6;0,.,TD,.,.,.,.,.,.,Conversation,.,52.63,50.3,0.99,1.1,.,.,.,57.98,238.94,.,.,0.23,.,.,.,.,.,.,.,.,.,.,.,.,.,.,.,.,.,.,.,.,.,.,.,90
Mean,eng,SALT_Convo,.,6;0-6;6,.,TD,.,.,.,.,.,.,Conversation,.,94,87.82,5.11,5.64,.,.,.,159.32,435.03,.,.,0.96,.,.,.,.,.,.,.,.,.,.,.,.,.,.,.,.,.,.,.,.,.,.,.,68
Min,eng,SALT_Convo,.,6;0-6;6,.,TD,.,.,.,.,.,.,Conversation,.,20,18,2.77,3,.,.,.,51,85,.,.,0.43,.,.,.,.,.,.,.,.,.,.,.,.,.,.,.,.,.,.,.,.,.,.,.,68
Max,eng,SALT_Convo,.,6;0-6;6,.,TD,.,.,.,.,.,.,Conversation,.,278,257,8.15,9.26,.,.,.,321,1417,.,.,1.57,.,.,.,.,.,.,.,.,.,.,.,.,.,.,.,.,.,.,.,.,.,.,.,68
SD,eng,SALT_Convo,.,6;0-6;6,.,TD,.,.,.,.,.,.,Conversation,.,62.69,59.46,1.11,1.22,.,.,.,65.32,285.23,.,.,0.24,.,.,.,.,.,.,.,.,.,.,.,.,.,.,.,.,.,.,.,.,.,.,.,68
Mean,eng,SALT_Convo,.,6;6-7;0,.,TD,.,.,.,.,.,.,Conversation,.,93.88,87.87,5.67,6.22,.,.,.,166.88,483.4,.,.,1.08,.,.,.,.,.,.,.,.,.,.,.,.,.,.,.,.,.,.,.,.,.,.,.,67
Min,eng,SALT_Convo,.,6;6-7;0,.,TD,.,.,.,.,.,.,Conversation,.,19,17,3.53,4.02,.,.,.,44,87,.,.,0.58,.,.,.,.,.,.,.,.,.,.,.,.,.,.,.,.,.,.,.,.,.,.,.,67
Max,eng,SALT_Convo,.,6;6-7;0,.,TD,.,.,.,.,.,.,Conversation,.,263,246,9.45,10.16,.,.,.,377,1532,.,.,1.76,.,.,.,.,.,.,.,.,.,.,.,.,.,.,.,.,.,.,.,.,.,.,.,67
SD,eng,SALT_Convo,.,6;6-7;0,.,TD,.,.,.,.,.,.,Conversation,.,66.69,62.8,1.17,1.3,.,.,.,73.35,337.65,.,.,0.25,.,.,.,.,.,.,.,.,.,.,.,.,.,.,.,.,.,.,.,.,.,.,.,67
Mean,eng,SALT_Convo,.,7;0-7;6,.,TD,.,.,.,.,.,.,Conversation,.,136.93,128.58,5.48,6.04,.,.,.,213.64,685.73,.,.,1.03,.,.,.,.,.,.,.,.,.,.,.,.,.,.,.,.,.,.,.,.,.,.,.,84
Min,eng,SALT_Convo,.,7;0-7;6,.,TD,.,.,.,.,.,.,Conversation,.,14,12,3.52,3.92,.,.,.,34,60,.,.,0.58,.,.,.,.,.,.,.,.,.,.,.,.,.,.,.,.,.,.,.,.,.,.,.,84
Max,eng,SALT_Convo,.,7;0-7;6,.,TD,.,.,.,.,.,.,Conversation,.,443,427,8.61,9.68,.,.,.,385,1818,.,.,1.94,.,.,.,.,.,.,.,.,.,.,.,.,.,.,.,.,.,.,.,.,.,.,.,84
SD,eng,SALT_Convo,.,7;0-7;6,.,TD,.,.,.,.,.,.,Conversation,.,86.66,81.83,1.17,1.29,.,.,.,87.35,428.84,.,.,0.27,.,.,.,.,.,.,.,.,.,.,.,.,.,.,.,.,.,.,.,.,.,.,.,84
Mean,eng,SALT_Convo,.,7;6-8;0,.,TD,.,.,.,.,.,.,Conversation,.,85.82,78.79,5.68,6.32,.,.,.,166.62,451.28,.,.,1.09,.,.,.,.,.,.,.,.,.,.,.,.,.,.,.,.,.,.,.,.,.,.,.,39
Min,eng,SALT_Convo,.,7;6-8;0,.,TD,.,.,.,.,.,.,Conversation,.,47,33,2.57,2.8,.,.,.,79,154,.,.,0.45,.,.,.,.,.,.,.,.,.,.,.,.,.,.,.,.,.,.,.,.,.,.,.,39
Max,eng,SALT_Convo,.,7;6-8;0,.,TD,.,.,.,.,.,.,Conversation,.,222,214,9.02,10.04,.,.,.,403,1800,.,.,1.76,.,.,.,.,.,.,.,.,.,.,.,.,.,.,.,.,.,.,.,.,.,.,.,39
SD,eng,SALT_Convo,.,7;6-8;0,.,TD,.,.,.,.,.,.,Conversation,.,43.79,40.81,1.51,1.66,.,.,.,64.95,303.07,.,.,0.32,.,.,.,.,.,.,.,.,.,.,.,.,.,.,.,.,.,.,.,.,.,.,.,39
Mean,eng,SALT_Convo,.,8;0-8;6,.,TD,.,.,.,.,.,.,Conversation,.,129.87,119.96,5.95,6.59,.,.,.,229.23,712.46,.,.,1.12,.,.,.,.,.,.,.,.,.,.,.,.,.,.,.,.,.,.,.,.,.,.,.,52
Min,eng,SALT_Convo,.,8;0-8;6,.,TD,.,.,.,.,.,.,Conversation,.,40,34,3.05,3.35,.,.,.,93,202,.,.,0.47,.,.,.,.,.,.,.,.,.,.,.,.,.,.,.,.,.,.,.,.,.,.,.,52
Max,eng,SALT_Convo,.,8;0-8;6,.,TD,.,.,.,.,.,.,Conversation,.,266,242,8.48,9.23,.,.,.,411,1541,.,.,1.83,.,.,.,.,.,.,.,.,.,.,.,.,.,.,.,.,.,.,.,.,.,.,.,52
SD,eng,SALT_Convo,.,8;0-8;6,.,TD,.,.,.,.,.,.,Conversation,.,58.23,55.66,1.11,1.23,.,.,.,79.93,360.39,.,.,0.23,.,.,.,.,.,.,.,.,.,.,.,.,.,.,.,.,.,.,.,.,.,.,.,52
Mean,eng,SALT_Convo,.,8;6-9;0,.,TD,.,.,.,.,.,.,Conversation,.,138.72,129.65,6.28,6.92,.,.,.,236.53,779.05,.,.,1.17,.,.,.,.,.,.,.,.,.,.,.,.,.,.,.,.,.,.,.,.,.,.,.,43
Min,eng,SALT_Convo,.,8;6-9;0,.,TD,.,.,.,.,.,.,Conversation,.,33,32,3.95,4.33,.,.,.,105,201,.,.,0.66,.,.,.,.,.,.,.,.,.,.,.,.,.,.,.,.,.,.,.,.,.,.,.,43
Max,eng,SALT_Convo,.,8;6-9;0,.,TD,.,.,.,.,.,.,Conversation,.,379,358,8.29,9.14,.,.,.,458,2209,.,.,1.61,.,.,.,.,.,.,.,.,.,.,.,.,.,.,.,.,.,.,.,.,.,.,.,43
SD,eng,SALT_Convo,.,8;6-9;0,.,TD,.,.,.,.,.,.,Conversation,.,87.14,81.4,1.01,1.11,.,.,.,91.37,462.69,.,.,0.22,.,.,.,.,.,.,.,.,.,.,.,.,.,.,.,.,.,.,.,.,.,.,.,43
Mean,eng,SALT_Convo,.,9;0-9;6,.,TD,.,.,.,.,.,.,Conversation,.,142.94,133.08,6.19,6.84,.,.,.,239.08,797.54,.,.,1.17,.,.,.,.,.,.,.,.,.,.,.,.,.,.,.,.,.,.,.,.,.,.,.,52
Min,eng,SALT_Convo,.,9;0-9;6,.,TD,.,.,.,.,.,.,Conversation,.,39,33,4.06,4.46,.,.,.,84,156,.,.,0.66,.,.,.,.,.,.,.,.,.,.,.,.,.,.,.,.,.,.,.,.,.,.,.,52
Max,eng,SALT_Convo,.,9;0-9;6,.,TD,.,.,.,.,.,.,Conversation,.,379,358,9.42,10.25,.,.,.,458,2209,.,.,1.92,.,.,.,.,.,.,.,.,.,.,.,.,.,.,.,.,.,.,.,.,.,.,.,52
SD,eng,SALT_Convo,.,9;0-9;6,.,TD,.,.,.,.,.,.,Conversation,.,99.55,91.76,1.09,1.2,.,.,.,107.65,539.86,.,.,0.25,.,.,.,.,.,.,.,.,.,.,.,.,.,.,.,.,.,.,.,.,.,.,.,52
Mean,eng,SALT_Convo,.,9;6-9;11,.,TD,.,.,.,.,.,.,Conversation,.,66.44,63.11,6.28,7.03,.,.,.,151.44,377.22,.,.,1.16,.,.,.,.,.,.,.,.,.,.,.,.,.,.,.,.,.,.,.,.,.,.,.,9
Min,eng,SALT_Convo,.,9;6-9;11,.,TD,.,.,.,.,.,.,Conversation,.,36,36,4.6,5.13,.,.,.,109,244,.,.,0.74,.,.,.,.,.,.,.,.,.,.,.,.,.,.,.,.,.,.,.,.,.,.,.,9
Max,eng,SALT_Convo,.,9;6-9;11,.,TD,.,.,.,.,.,.,Conversation,.,117,107,7.65,8.52,.,.,.,210,568,.,.,1.48,.,.,.,.,.,.,.,.,.,.,.,.,.,.,.,.,.,.,.,.,.,.,.,9
SD,eng,SALT_Convo,.,9;6-9;11,.,TD,.,.,.,.,.,.,Conversation,.,28.07,26.73,1.11,1.26,.,.,.,33.76,115.56,.,.,0.22,.,.,.,.,.,.,.,.,.,.,.,.,.,.,.,.,.,.,.,.,.,.,.,9
Mean,eng,SALT_Convo,.,10;9-11;3,.,TD,.,.,.,.,.,.,Conversation,.,233.68,218.88,6.14,6.74,.,.,.,355.36,1346.2,.,.,1.09,.,.,.,.,.,.,.,.,.,.,.,.,.,.,.,.,.,.,.,.,.,.,.,25
Min,eng,SALT_Convo,.,10;9-11;3,.,TD,.,.,.,.,.,.,Conversation,.,148,138,3.46,3.74,.,.,.,181,492,.,.,0.54,.,.,.,.,.,.,.,.,.,.,.,.,.,.,.,.,.,.,.,.,.,.,.,25
Max,eng,SALT_Convo,.,10;9-11;3,.,TD,.,.,.,.,.,.,Conversation,.,304,278,8.63,9.63,.,.,.,492,2089,.,.,1.57,.,.,.,.,.,.,.,.,.,.,.,.,.,.,.,.,.,.,.,.,.,.,.,25
SD,eng,SALT_Convo,.,10;9-11;3,.,TD,.,.,.,.,.,.,Conversation,.,45.46,42.61,1.28,1.41,.,.,.,65.41,376.89,.,.,0.25,.,.,.,.,.,.,.,.,.,.,.,.,.,.,.,.,.,.,.,.,.,.,.,25
Mean,eng,SALT_Convo,.,12;9-13;3,.,TD,.,.,.,.,.,.,Conversation,.,229.93,212.04,5.78,6.38,.,.,.,330.37,1233.63,.,.,1.07,.,.,.,.,.,.,.,.,.,.,.,.,.,.,.,.,.,.,.,.,.,.,.,27
Min,eng,SALT_Convo,.,12;9-13;3,.,TD,.,.,.,.,.,.,Conversation,.,169,161,4.15,4.71,.,.,.,253,715,.,.,0.73,.,.,.,.,.,.,.,.,.,.,.,.,.,.,.,.,.,.,.,.,.,.,.,27
Max,eng,SALT_Convo,.,12;9-13;3,.,TD,.,.,.,.,.,.,Conversation,.,338,295,7.64,8.48,.,.,.,523,1867,.,.,1.54,.,.,.,.,.,.,.,.,.,.,.,.,.,.,.,.,.,.,.,.,.,.,.,27
SD,eng,SALT_Convo,.,12;9-13;3,.,TD,.,.,.,.,.,.,Conversation,.,47.86,40.1,1,1.06,.,.,.,61.65,338.85,.,.,0.22,.,.,.,.,.,.,.,.,.,.,.,.,.,.,.,.,.,.,.,.,.,.,.,27
Mean,eng,SALT_Persuasion,.,12;10-13;11,.,TD,.,.,.,.,.,.,Persuasion,.,21.04,19.68,15.22,16.82,.,.,.,119.36,286.21,.,.,2.91,.,.,.,.,.,.,.,.,.,.,.,.,.,.,.,.,.,.,.,.,.,.,.,28
Min,eng,SALT_Persuasion,.,12;10-13;11,.,TD,.,.,.,.,.,.,Persuasion,.,8,7,9.96,11.33,.,.,.,74,121,.,.,1.83,.,.,.,.,.,.,.,.,.,.,.,.,.,.,.,.,.,.,.,.,.,.,.,28
Max,eng,SALT_Persuasion,.,12;10-13;11,.,TD,.,.,.,.,.,.,Persuasion,.,58,58,27.06,29.33,.,.,.,247,819,.,.,4.67,.,.,.,.,.,.,.,.,.,.,.,.,.,.,.,.,.,.,.,.,.,.,.,28
SD,eng,SALT_Persuasion,.,12;10-13;11,.,TD,.,.,.,.,.,.,Persuasion,.,11.75,11.15,4.04,4.48,.,.,.,40.45,153.2,.,.,0.71,.,.,.,.,.,.,.,.,.,.,.,.,.,.,.,.,.,.,.,.,.,.,.,28
Mean,eng,SALT_Persuasion,.,14;7-15;0,.,TD,.,.,.,.,.,.,Persuasion,.,29.8,28.87,16.25,17.99,.,.,.,164.2,462.47,.,.,3.09,.,.,.,.,.,.,.,.,.,.,.,.,.,.,.,.,.,.,.,.,.,.,.,15
Min,eng,SALT_Persuasion,.,14;7-15;0,.,TD,.,.,.,.,.,.,Persuasion,.,11,11,12.38,13.62,.,.,.,92,199,.,.,2.15,.,.,.,.,.,.,.,.,.,.,.,.,.,.,.,.,.,.,.,.,.,.,.,15
Max,eng,SALT_Persuasion,.,14;7-15;0,.,TD,.,.,.,.,.,.,Persuasion,.,82,80,19.44,21.67,.,.,.,305,1312,.,.,3.7,.,.,.,.,.,.,.,.,.,.,.,.,.,.,.,.,.,.,.,.,.,.,.,15
SD,eng,SALT_Persuasion,.,14;7-15;0,.,TD,.,.,.,.,.,.,Persuasion,.,17.66,17.32,2.25,2.47,.,.,.,55.77,278.3,.,.,0.48,.,.,.,.,.,.,.,.,.,.,.,.,.,.,.,.,.,.,.,.,.,.,.,15
Mean,eng,SALT_Persuasion,.,15;0-15;11,.,TD,.,.,.,.,.,.,Persuasion,.,27.92,26.62,16.35,18.03,.,.,.,150.96,421.44,.,.,3.06,.,.,.,.,.,.,.,.,.,.,.,.,.,.,.,.,.,.,.,.,.,.,.,52
Min,eng,SALT_Persuasion,.,15;0-15;11,.,TD,.,.,.,.,.,.,Persuasion,.,11,10,9.5,10.55,.,.,.,74,145,.,.,1.32,.,.,.,.,.,.,.,.,.,.,.,.,.,.,.,.,.,.,.,.,.,.,.,52
Max,eng,SALT_Persuasion,.,15;0-15;11,.,TD,.,.,.,.,.,.,Persuasion,.,89,89,26.81,29.44,.,.,.,323,1158,.,.,5.69,.,.,.,.,.,.,.,.,.,.,.,.,.,.,.,.,.,.,.,.,.,.,.,52
SD,eng,SALT_Persuasion,.,15;0-15;11,.,TD,.,.,.,.,.,.,Persuasion,.,13.85,14.02,3.45,3.8,.,.,.,49.54,204.28,.,.,0.74,.,.,.,.,.,.,.,.,.,.,.,.,.,.,.,.,.,.,.,.,.,.,.,52
Mean,eng,SALT_Persuasion,.,16;1-17;0,.,TD,.,.,.,.,.,.,Persuasion,.,35.38,33.5,16.66,18.31,.,.,.,174.38,528.31,.,.,3.07,.,.,.,.,.,.,.,.,.,.,.,.,.,.,.,.,.,.,.,.,.,.,.,32
Min,eng,SALT_Persuasion,.,16;1-17;0,.,TD,.,.,.,.,.,.,Persuasion,.,9,9,9.21,10.33,.,.,.,94,188,.,.,2.15,.,.,.,.,.,.,.,.,.,.,.,.,.,.,.,.,.,.,.,.,.,.,.,32
Max,eng,SALT_Persuasion,.,16;1-17;0,.,TD,.,.,.,.,.,.,Persuasion,.,90,75,26.89,30.06,.,.,.,304,1142,.,.,4.86,.,.,.,.,.,.,.,.,.,.,.,.,.,.,.,.,.,.,.,.,.,.,.,32
SD,eng,SALT_Persuasion,.,16;1-17;0,.,TD,.,.,.,.,.,.,Persuasion,.,19.4,18.27,3.35,3.66,.,.,.,56.76,250.42,.,.,0.57,.,.,.,.,.,.,.,.,.,.,.,.,.,.,.,.,.,.,.,.,.,.,.,32
Mean,eng,SALT_Persuasion,.,17;0-18;0,.,TD,.,.,.,.,.,.,Persuasion,.,32.24,31.31,16.83,18.55,.,.,.,173.4,505.53,.,.,3.17,.,.,.,.,.,.,.,.,.,.,.,.,.,.,.,.,.,.,.,.,.,.,.,45
Min,eng,SALT_Persuasion,.,17;0-18;0,.,TD,.,.,.,.,.,.,Persuasion,.,8,8,9.42,10.23,.,.,.,72,133,.,.,1.95,.,.,.,.,.,.,.,.,.,.,.,.,.,.,.,.,.,.,.,.,.,.,.,45
Max,eng,SALT_Persuasion,.,17;0-18;0,.,TD,.,.,.,.,.,.,Persuasion,.,77,74,27.36,30.27,.,.,.,315,1207,.,.,4.86,.,.,.,.,.,.,.,.,.,.,.,.,.,.,.,.,.,.,.,.,.,.,.,45
SD,eng,SALT_Persuasion,.,17;0-18;0,.,TD,.,.,.,.,.,.,Persuasion,.,17.25,16.6,4.21,4.7,.,.,.,63.45,255.72,.,.,0.66,.,.,.,.,.,.,.,.,.,.,.,.,.,.,.,.,.,.,.,.,.,.,.,45
Mean,eng,SALT_Persuasion,.,18;0-18;9,.,TD,.,.,.,.,.,.,Persuasion,.,34.89,33.95,16.88,18.68,.,.,.,185.11,546.58,.,.,3.3,.,.,.,.,.,.,.,.,.,.,.,.,.,.,.,.,.,.,.,.,.,.,.,19
Min,eng,SALT_Persuasion,.,18;0-18;9,.,TD,.,.,.,.,.,.,Persuasion,.,12,12,9.63,10.85,.,.,.,106,238,.,.,2.05,.,.,.,.,.,.,.,.,.,.,.,.,.,.,.,.,.,.,.,.,.,.,.,19
Max,eng,SALT_Persuasion,.,18;0-18;9,.,TD,.,.,.,.,.,.,Persuasion,.,77,76,25.21,27.93,.,.,.,326,1142,.,.,4.93,.,.,.,.,.,.,.,.,.,.,.,.,.,.,.,.,.,.,.,.,.,.,.,19
SD,eng,SALT_Persuasion,.,18;0-18;9,.,TD,.,.,.,.,.,.,Persuasion,.,18.21,17.88,3.77,4.11,.,.,.,63.12,269.14,.,.,0.72,.,.,.,.,.,.,.,.,.,.,.,.,.,.,.,.,.,.,.,.,.,.,.,19
Mean,eng,SALT_Expo,.,11;0-12;0,.,TD,.,.,.,.,.,.,Exposition,.,55.56,53.77,11.65,12.75,.,.,.,174.97,620.41,.,.,2.3,.,.,.,.,.,.,.,.,.,.,.,.,.,.,.,.,.,.,.,.,.,.,.,88
Min,eng,SALT_Expo,.,11;0-12;0,.,TD,.,.,.,.,.,.,Exposition,.,13,13,7.67,8.54,.,.,.,74,169,.,.,1.61,.,.,.,.,.,.,.,.,.,.,.,.,.,.,.,.,.,.,.,.,.,.,.,88
Max,eng,SALT_Expo,.,11;0-12;0,.,TD,.,.,.,.,.,.,Exposition,.,180,170,16.24,17.62,.,.,.,344,2108,.,.,3.35,.,.,.,.,.,.,.,.,.,.,.,.,.,.,.,.,.,.,.,.,.,.,.,88
SD,eng,SALT_Expo,.,11;0-12;0,.,TD,.,.,.,.,.,.,Exposition,.,25.73,24.68,1.84,1.98,.,.,.,49.21,296.38,.,.,0.38,.,.,.,.,.,.,.,.,.,.,.,.,.,.,.,.,.,.,.,.,.,.,.,88
Mean,eng,SALT_Expo,.,12;0-13;0,.,TD,.,.,.,.,.,.,Exposition,.,51.44,50.12,11.84,13,.,.,.,173.4,585.39,.,.,2.3,.,.,.,.,.,.,.,.,.,.,.,.,.,.,.,.,.,.,.,.,.,.,.,57
Min,eng,SALT_Expo,.,12;0-13;0,.,TD,.,.,.,.,.,.,Exposition,.,21,21,8.73,9.51,.,.,.,93,220,.,.,1.61,.,.,.,.,.,.,.,.,.,.,.,.,.,.,.,.,.,.,.,.,.,.,.,57
Max,eng,SALT_Expo,.,12;0-13;0,.,TD,.,.,.,.,.,.,Exposition,.,126,118,15.5,17.13,.,.,.,280,1276,.,.,3.28,.,.,.,.,.,.,.,.,.,.,.,.,.,.,.,.,.,.,.,.,.,.,.,57
SD,eng,SALT_Expo,.,12;0-13;0,.,TD,.,.,.,.,.,.,Exposition,.,19.95,19.43,1.66,1.79,.,.,.,43.09,218.29,.,.,0.36,.,.,.,.,.,.,.,.,.,.,.,.,.,.,.,.,.,.,.,.,.,.,.,57
Mean,eng,SALT_Expo,.,13;0-14;0,.,TD,.,.,.,.,.,.,Exposition,.,59.53,58.03,12.27,13.48,.,.,.,192.82,698.09,.,.,2.31,.,.,.,.,.,.,.,.,.,.,.,.,.,.,.,.,.,.,.,.,.,.,.,34
Min,eng,SALT_Expo,.,13;0-14;0,.,TD,.,.,.,.,.,.,Exposition,.,18,18,9.6,10.67,.,.,.,102,234,.,.,1.63,.,.,.,.,.,.,.,.,.,.,.,.,.,.,.,.,.,.,.,.,.,.,.,34
Max,eng,SALT_Expo,.,13;0-14;0,.,TD,.,.,.,.,.,.,Exposition,.,225,224,16.27,18.14,.,.,.,453,2777,.,.,3.43,.,.,.,.,.,.,.,.,.,.,.,.,.,.,.,.,.,.,.,.,.,.,.,34
SD,eng,SALT_Expo,.,13;0-14;0,.,TD,.,.,.,.,.,.,Exposition,.,36.4,36.07,1.8,1.93,.,.,.,62.41,438.37,.,.,0.39,.,.,.,.,.,.,.,.,.,.,.,.,.,.,.,.,.,.,.,.,.,.,.,34
Mean,eng,SALT_Expo,.,14;0-15;0,.,TD,.,.,.,.,.,.,Exposition,.,62.38,60.59,12.5,13.77,.,.,.,209.38,775.24,.,.,2.33,.,.,.,.,.,.,.,.,.,.,.,.,.,.,.,.,.,.,.,.,.,.,.,34
Min,eng,SALT_Expo,.,14;0-15;0,.,TD,.,.,.,.,.,.,Exposition,.,22,22,8.76,9.83,.,.,.,101,242,.,.,1.76,.,.,.,.,.,.,.,.,.,.,.,.,.,.,.,.,.,.,.,.,.,.,.,34
Max,eng,SALT_Expo,.,14;0-15;0,.,TD,.,.,.,.,.,.,Exposition,.,245,238,17.6,19.21,.,.,.,496,3018,.,.,2.97,.,.,.,.,.,.,.,.,.,.,.,.,.,.,.,.,.,.,.,.,.,.,.,34
SD,eng,SALT_Expo,.,14;0-15;0,.,TD,.,.,.,.,.,.,Exposition,.,39.02,38.28,2.24,2.43,.,.,.,78.36,537.58,.,.,0.35,.,.,.,.,.,.,.,.,.,.,.,.,.,.,.,.,.,.,.,.,.,.,.,34
Mean,eng,SALT_Expo,.,15;0-15;11,.,TD,.,.,.,.,.,.,Exposition,.,57.54,55.95,12.9,14.24,.,.,.,204.38,718.38,.,.,2.39,.,.,.,.,.,.,.,.,.,.,.,.,.,.,.,.,.,.,.,.,.,.,.,65
Min,eng,SALT_Expo,.,15;0-15;11,.,TD,.,.,.,.,.,.,Exposition,.,19,19,9.25,10.13,.,.,.,106,242,.,.,1.6,.,.,.,.,.,.,.,.,.,.,.,.,.,.,.,.,.,.,.,.,.,.,.,65
Max,eng,SALT_Expo,.,15;0-15;11,.,TD,.,.,.,.,.,.,Exposition,.,157,156,17.6,19.21,.,.,.,383,2193,.,.,3.23,.,.,.,.,.,.,.,.,.,.,.,.,.,.,.,.,.,.,.,.,.,.,.,65
SD,eng,SALT_Expo,.,15;0-15;11,.,TD,.,.,.,.,.,.,Exposition,.,25.39,24.88,2.04,2.23,.,.,.,56.53,348.12,.,.,0.38,.,.,.,.,.,.,.,.,.,.,.,.,.,.,.,.,.,.,.,.,.,.,.,65
Mean,eng,SALT_Expo,.,16;1-17;0,.,TD,.,.,.,.,.,.,Exposition,.,66.37,64.48,12.75,14.01,.,.,.,214.41,786.22,.,.,2.42,.,.,.,.,.,.,.,.,.,.,.,.,.,.,.,.,.,.,.,.,.,.,.,27
Min,eng,SALT_Expo,.,16;1-17;0,.,TD,.,.,.,.,.,.,Exposition,.,13,13,8.17,9.06,.,.,.,61,116,.,.,1.49,.,.,.,.,.,.,.,.,.,.,.,.,.,.,.,.,.,.,.,.,.,.,.,27
Max,eng,SALT_Expo,.,16;1-17;0,.,TD,.,.,.,.,.,.,Exposition,.,183,183,17,18.24,.,.,.,386,1916,.,.,3.9,.,.,.,.,.,.,.,.,.,.,.,.,.,.,.,.,.,.,.,.,.,.,.,27
SD,eng,SALT_Expo,.,16;1-17;0,.,TD,.,.,.,.,.,.,Exposition,.,39.48,38.79,2.36,2.5,.,.,.,67.64,407.61,.,.,0.47,.,.,.,.,.,.,.,.,.,.,.,.,.,.,.,.,.,.,.,.,.,.,.,27
Mean,eng,SALT_Expo,.,17;0-18;0,.,TD,.,.,.,.,.,.,Exposition,.,70.68,67.77,12.88,14.18,.,.,.,227.68,872.23,.,.,2.37,.,.,.,.,.,.,.,.,.,.,.,.,.,.,.,.,.,.,.,.,.,.,.,31
Min,eng,SALT_Expo,.,17;0-18;0,.,TD,.,.,.,.,.,.,Exposition,.,32,30,9,10.03,.,.,.,108,297,.,.,1.7,.,.,.,.,.,.,.,.,.,.,.,.,.,.,.,.,.,.,.,.,.,.,.,31
Max,eng,SALT_Expo,.,17;0-18;0,.,TD,.,.,.,.,.,.,Exposition,.,150,148,18.49,20.04,.,.,.,449,2459,.,.,3.11,.,.,.,.,.,.,.,.,.,.,.,.,.,.,.,.,.,.,.,.,.,.,.,31
SD,eng,SALT_Expo,.,17;0-18;0,.,TD,.,.,.,.,.,.,Exposition,.,34.77,33.25,2.38,2.57,.,.,.,71.3,485.57,.,.,0.37,.,.,.,.,.,.,.,.,.,.,.,.,.,.,.,.,.,.,.,.,.,.,.,31
Mean,eng,SALT_Expo,.,18;0-18;9,.,TD,.,.,.,.,.,.,Exposition,.,76.39,74,12.61,13.95,.,.,.,234.78,927.33,.,.,2.36,.,.,.,.,.,.,.,.,.,.,.,.,.,.,.,.,.,.,.,.,.,.,.,18
Min,eng,SALT_Expo,.,18;0-18;9,.,TD,.,.,.,.,.,.,Exposition,.,25,25,7.76,8.73,.,.,.,136,319,.,.,1.55,.,.,.,.,.,.,.,.,.,.,.,.,.,.,.,.,.,.,.,.,.,.,.,18
Max,eng,SALT_Expo,.,18;0-18;9,.,TD,.,.,.,.,.,.,Exposition,.,272,266,16.47,18.06,.,.,.,591,3525,.,.,3.16,.,.,.,.,.,.,.,.,.,.,.,.,.,.,.,.,.,.,.,.,.,.,.,18
SD,eng,SALT_Expo,.,18;0-18;9,.,TD,.,.,.,.,.,.,Exposition,.,63.17,60.88,2.33,2.53,.,.,.,120.83,812.5,.,.,0.46,.,.,.,.,.,.,.,.,.,.,.,.,.,.,.,.,.,.,.,.,.,.,.,18
Mean,eng,ENNI,.,4;0-4;6,.,TD,.,.,.,.,.,.,Picture narrative,.,57.75,56.69,5.66,6.12,.,.,.,103.06,321.25,.,.,1.13,.,.,.,.,.,.,.,.,.,.,.,.,.,.,.,.,.,.,.,.,.,.,.,16
Min,eng,ENNI,.,4;0-4;6,.,TD,.,.,.,.,.,.,Picture narrative,.,50,46,4.09,4.45,.,.,.,38,228,.,.,0.16,.,.,.,.,.,.,.,.,.,.,.,.,.,.,.,.,.,.,.,.,.,.,.,16
Max,eng,ENNI,.,4;0-4;6,.,TD,.,.,.,.,.,.,Picture narrative,.,69,66,7.73,8.18,.,.,.,136,439,.,.,1.38,.,.,.,.,.,.,.,.,.,.,.,.,.,.,.,.,.,.,.,.,.,.,.,16
SD,eng,ENNI,.,4;0-4;6,.,TD,.,.,.,.,.,.,Picture narrative,.,6.1,5.85,0.95,0.99,.,.,.,23.02,64.86,.,.,0.28,.,.,.,.,.,.,.,.,.,.,.,.,.,.,.,.,.,.,.,.,.,.,.,16
Mean,eng,ENNI,.,4;6-5;0,.,TD,.,.,.,.,.,.,Picture narrative,.,71.74,71,6.62,7.08,.,.,.,134.44,474.53,.,.,1.31,.,.,.,.,.,.,.,.,.,.,.,.,.,.,.,.,.,.,.,.,.,.,.,34
Min,eng,ENNI,.,4;6-5;0,.,TD,.,.,.,.,.,.,Picture narrative,.,50,50,4.7,5.2,.,.,.,79,263,.,.,1.03,.,.,.,.,.,.,.,.,.,.,.,.,.,.,.,.,.,.,.,.,.,.,.,34
Max,eng,ENNI,.,4;6-5;0,.,TD,.,.,.,.,.,.,Picture narrative,.,111,111,8.43,8.88,.,.,.,195,856,.,.,1.66,.,.,.,.,.,.,.,.,.,.,.,.,.,.,.,.,.,.,.,.,.,.,.,34
SD,eng,ENNI,.,4;6-5;0,.,TD,.,.,.,.,.,.,Picture narrative,.,16.71,16.54,0.99,1.03,.,.,.,30.62,146.66,.,.,0.16,.,.,.,.,.,.,.,.,.,.,.,.,.,.,.,.,.,.,.,.,.,.,.,34
Mean,eng,ENNI,.,5;0-5;6,.,TD,.,.,.,.,.,.,Picture narrative,.,75.63,75.25,7.06,7.56,.,.,.,142.19,532.94,.,.,1.36,.,.,.,.,.,.,.,.,.,.,.,.,.,.,.,.,.,.,.,.,.,.,.,32
Min,eng,ENNI,.,5;0-5;6,.,TD,.,.,.,.,.,.,Picture narrative,.,48,48,5.83,6.32,.,.,.,77,314,.,.,1.17,.,.,.,.,.,.,.,.,.,.,.,.,.,.,.,.,.,.,.,.,.,.,.,32
Max,eng,ENNI,.,5;0-5;6,.,TD,.,.,.,.,.,.,Picture narrative,.,153,152,8.36,8.91,.,.,.,256,1179,.,.,1.72,.,.,.,.,.,.,.,.,.,.,.,.,.,.,.,.,.,.,.,.,.,.,.,32
SD,eng,ENNI,.,5;0-5;6,.,TD,.,.,.,.,.,.,Picture narrative,.,26.77,26.53,0.73,0.71,.,.,.,37.54,200.64,.,.,0.13,.,.,.,.,.,.,.,.,.,.,.,.,.,.,.,.,.,.,.,.,.,.,.,32
Mean,eng,ENNI,.,5;6-6;0,.,TD,.,.,.,.,.,.,Picture narrative,.,75.13,74.69,7.27,7.81,.,.,.,141.25,547.41,.,.,1.38,.,.,.,.,.,.,.,.,.,.,.,.,.,.,.,.,.,.,.,.,.,.,.,32
Min,eng,ENNI,.,5;6-6;0,.,TD,.,.,.,.,.,.,Picture narrative,.,50,49,4.92,5.55,.,.,.,93,261,.,.,1.11,.,.,.,.,.,.,.,.,.,.,.,.,.,.,.,.,.,.,.,.,.,.,.,32
Max,eng,ENNI,.,5;6-6;0,.,TD,.,.,.,.,.,.,Picture narrative,.,153,152,9.64,10.5,.,.,.,256,1179,.,.,1.9,.,.,.,.,.,.,.,.,.,.,.,.,.,.,.,.,.,.,.,.,.,.,.,32
SD,eng,ENNI,.,5;6-6;0,.,TD,.,.,.,.,.,.,Picture narrative,.,24.83,24.54,1.02,1.05,.,.,.,34.39,203.11,.,.,0.19,.,.,.,.,.,.,.,.,.,.,.,.,.,.,.,.,.,.,.,.,.,.,.,32
Mean,eng,ENNI,.,6;0-6;6,.,TD,.,.,.,.,.,.,Picture narrative,.,70.23,70.09,7.04,7.63,.,.,.,136.64,496.55,.,.,1.35,.,.,.,.,.,.,.,.,.,.,.,.,.,.,.,.,.,.,.,.,.,.,.,22
Min,eng,ENNI,.,6;0-6;6,.,TD,.,.,.,.,.,.,Picture narrative,.,50,50,4.92,5.55,.,.,.,93,261,.,.,1.15,.,.,.,.,.,.,.,.,.,.,.,.,.,.,.,.,.,.,.,.,.,.,.,22
Max,eng,ENNI,.,6;0-6;6,.,TD,.,.,.,.,.,.,Picture narrative,.,109,109,8.95,9.64,.,.,.,186,753,.,.,1.59,.,.,.,.,.,.,.,.,.,.,.,.,.,.,.,.,.,.,.,.,.,.,.,22
SD,eng,ENNI,.,6;0-6;6,.,TD,.,.,.,.,.,.,Picture narrative,.,18.11,18.19,0.88,0.88,.,.,.,25.76,146.85,.,.,0.13,.,.,.,.,.,.,.,.,.,.,.,.,.,.,.,.,.,.,.,.,.,.,.,22
Mean,eng,ENNI,.,6;6-7;0,.,TD,.,.,.,.,.,.,Picture narrative,.,74.3,73.84,7.09,7.69,.,.,.,145.24,527.38,.,.,1.37,.,.,.,.,.,.,.,.,.,.,.,.,.,.,.,.,.,.,.,.,.,.,.,37
Min,eng,ENNI,.,6;6-7;0,.,TD,.,.,.,.,.,.,Picture narrative,.,52,52,4.86,5.17,.,.,.,93,277,.,.,1.11,.,.,.,.,.,.,.,.,.,.,.,.,.,.,.,.,.,.,.,.,.,.,.,37
Max,eng,ENNI,.,6;6-7;0,.,TD,.,.,.,.,.,.,Picture narrative,.,137,137,9.58,10.13,.,.,.,227,926,.,.,1.9,.,.,.,.,.,.,.,.,.,.,.,.,.,.,.,.,.,.,.,.,.,.,.,37
SD,eng,ENNI,.,6;6-7;0,.,TD,.,.,.,.,.,.,Picture narrative,.,22.09,21.85,1.13,1.2,.,.,.,35.13,184.57,.,.,0.17,.,.,.,.,.,.,.,.,.,.,.,.,.,.,.,.,.,.,.,.,.,.,.,37
Mean,eng,ENNI,.,7;0-7;6,.,TD,.,.,.,.,.,.,Picture narrative,.,74.37,74.04,8,8.7,.,.,.,155.26,592.74,.,.,1.48,.,.,.,.,.,.,.,.,.,.,.,.,.,.,.,.,.,.,.,.,.,.,.,27
Min,eng,ENNI,.,7;0-7;6,.,TD,.,.,.,.,.,.,Picture narrative,.,45,45,6.29,6.95,.,.,.,101,321,.,.,1.09,.,.,.,.,.,.,.,.,.,.,.,.,.,.,.,.,.,.,.,.,.,.,.,27
Max,eng,ENNI,.,7;0-7;6,.,TD,.,.,.,.,.,.,Picture narrative,.,137,137,10.08,11.07,.,.,.,227,901,.,.,1.9,.,.,.,.,.,.,.,.,.,.,.,.,.,.,.,.,.,.,.,.,.,.,.,27
SD,eng,ENNI,.,7;0-7;6,.,TD,.,.,.,.,.,.,Picture narrative,.,20.13,20.06,1.06,1.14,.,.,.,30.18,170.91,.,.,0.21,.,.,.,.,.,.,.,.,.,.,.,.,.,.,.,.,.,.,.,.,.,.,.,27
Mean,eng,ENNI,.,7;6-8;0,.,TD,.,.,.,.,.,.,Picture narrative,.,74.17,74.03,7.7,8.39,.,.,.,153.97,572.89,.,.,1.47,.,.,.,.,.,.,.,.,.,.,.,.,.,.,.,.,.,.,.,.,.,.,.,36
Min,eng,ENNI,.,7;6-8;0,.,TD,.,.,.,.,.,.,Picture narrative,.,45,45,5.66,6.09,.,.,.,89,296,.,.,1.19,.,.,.,.,.,.,.,.,.,.,.,.,.,.,.,.,.,.,.,.,.,.,.,36
Max,eng,ENNI,.,7;6-8;0,.,TD,.,.,.,.,.,.,Picture narrative,.,113,113,9.44,10.32,.,.,.,202,963,.,.,1.77,.,.,.,.,.,.,.,.,.,.,.,.,.,.,.,.,.,.,.,.,.,.,.,36
SD,eng,ENNI,.,7;6-8;0,.,TD,.,.,.,.,.,.,Picture narrative,.,16.27,16.12,1.07,1.2,.,.,.,27.06,157.24,.,.,0.17,.,.,.,.,.,.,.,.,.,.,.,.,.,.,.,.,.,.,.,.,.,.,.,36
Mean,eng,ENNI,.,8;0-8;6,.,TD,.,.,.,.,.,.,Picture narrative,.,73.8,73.65,7.87,8.65,.,.,.,155.65,583.05,.,.,1.51,.,.,.,.,.,.,.,.,.,.,.,.,.,.,.,.,.,.,.,.,.,.,.,20
Min,eng,ENNI,.,8;0-8;6,.,TD,.,.,.,.,.,.,Picture narrative,.,56,56,6.39,6.77,.,.,.,129,362,.,.,1.31,.,.,.,.,.,.,.,.,.,.,.,.,.,.,.,.,.,.,.,.,.,.,.,20
Max,eng,ENNI,.,8;0-8;6,.,TD,.,.,.,.,.,.,Picture narrative,.,107,107,9.53,10.82,.,.,.,200,995,.,.,1.8,.,.,.,.,.,.,.,.,.,.,.,.,.,.,.,.,.,.,.,.,.,.,.,20
SD,eng,ENNI,.,8;0-8;6,.,TD,.,.,.,.,.,.,Picture narrative,.,13.21,13.26,1,1.2,.,.,.,20.19,147.26,.,.,0.15,.,.,.,.,.,.,.,.,.,.,.,.,.,.,.,.,.,.,.,.,.,.,.,20
Mean,eng,ENNI,.,8;6-9;0,.,TD,.,.,.,.,.,.,Picture narrative,.,79.59,79.51,8.09,8.8,.,.,.,175.76,652.41,.,.,1.59,.,.,.,.,.,.,.,.,.,.,.,.,.,.,.,.,.,.,.,.,.,.,.,37
Min,eng,ENNI,.,8;6-9;0,.,TD,.,.,.,.,.,.,Picture narrative,.,49,49,6.22,6.76,.,.,.,111,321,.,.,1.32,.,.,.,.,.,.,.,.,.,.,.,.,.,.,.,.,.,.,.,.,.,.,.,37
Max,eng,ENNI,.,8;6-9;0,.,TD,.,.,.,.,.,.,Picture narrative,.,147,147,10.3,11.31,.,.,.,279,1183,.,.,2.02,.,.,.,.,.,.,.,.,.,.,.,.,.,.,.,.,.,.,.,.,.,.,.,37
SD,eng,ENNI,.,8;6-9;0,.,TD,.,.,.,.,.,.,Picture narrative,.,24.14,24.17,0.98,1.08,.,.,.,46.56,236.24,.,.,0.17,.,.,.,.,.,.,.,.,.,.,.,.,.,.,.,.,.,.,.,.,.,.,.,37
Mean,eng,ENNI,.,9;0-9;6,.,TD,.,.,.,.,.,.,Picture narrative,.,76.93,76.9,8.5,9.27,.,.,.,173.37,660.37,.,.,1.67,.,.,.,.,.,.,.,.,.,.,.,.,.,.,.,.,.,.,.,.,.,.,.,30
Min,eng,ENNI,.,9;0-9;6,.,TD,.,.,.,.,.,.,Picture narrative,.,51,51,6.38,6.83,.,.,.,112,390,.,.,1.41,.,.,.,.,.,.,.,.,.,.,.,.,.,.,.,.,.,.,.,.,.,.,.,30
Max,eng,ENNI,.,9;0-9;6,.,TD,.,.,.,.,.,.,Picture narrative,.,152,152,10.24,11.12,.,.,.,321,1556,.,.,2.18,.,.,.,.,.,.,.,.,.,.,.,.,.,.,.,.,.,.,.,.,.,.,.,30
SD,eng,ENNI,.,9;0-9;6,.,TD,.,.,.,.,.,.,Picture narrative,.,20.1,20.12,0.85,0.97,.,.,.,36.55,220.33,.,.,0.16,.,.,.,.,.,.,.,.,.,.,.,.,.,.,.,.,.,.,.,.,.,.,.,30
Mean,eng,ENNI,.,9;6-10;0,.,TD,.,.,.,.,.,.,Picture narrative,.,78,77.92,8.08,8.97,.,.,.,166.69,640.62,.,.,1.55,.,.,.,.,.,.,.,.,.,.,.,.,.,.,.,.,.,.,.,.,.,.,.,26
Min,eng,ENNI,.,9;6-10;0,.,TD,.,.,.,.,.,.,Picture narrative,.,53,53,6.34,7.1,.,.,.,121,354,.,.,1.18,.,.,.,.,.,.,.,.,.,.,.,.,.,.,.,.,.,.,.,.,.,.,.,26
Max,eng,ENNI,.,9;6-10;0,.,TD,.,.,.,.,.,.,Picture narrative,.,161,161,10.25,11.76,.,.,.,255,1552,.,.,1.91,.,.,.,.,.,.,.,.,.,.,.,.,.,.,.,.,.,.,.,.,.,.,.,26
SD,eng,ENNI,.,9;6-10;0,.,TD,.,.,.,.,.,.,Picture narrative,.,26.37,26.37,1.06,1.2,.,.,.,33.19,274.72,.,.,0.18,.,.,.,.,.,.,.,.,.,.,.,.,.,.,.,.,.,.,.,.,.,.,.,26
Mean,eng,Narr_SSS,.,5;2-5;6,.,TD,.,.,.,.,.,.,Narration,.,37.03,34.25,6.2,6.85,.,.,.,78.25,199.97,.,.,1.18,.,.,.,.,.,.,.,.,.,.,.,.,.,.,.,.,.,.,.,.,.,.,.,36
Min,eng,Narr_SSS,.,5;2-5;6,.,TD,.,.,.,.,.,.,Narration,.,4,4,4.21,5.04,.,.,.,19,25,.,.,0.81,.,.,.,.,.,.,.,.,.,.,.,.,.,.,.,.,.,.,.,.,.,.,.,36
Max,eng,Narr_SSS,.,5;2-5;6,.,TD,.,.,.,.,.,.,Narration,.,136,125,8.71,9.5,.,.,.,217,717,.,.,1.54,.,.,.,.,.,.,.,.,.,.,.,.,.,.,.,.,.,.,.,.,.,.,.,36
SD,eng,Narr_SSS,.,5;2-5;6,.,TD,.,.,.,.,.,.,Narration,.,32.59,30.15,0.96,1,.,.,.,47.09,168.26,.,.,0.17,.,.,.,.,.,.,.,.,.,.,.,.,.,.,.,.,.,.,.,.,.,.,.,36
Mean,eng,Narr_SSS,.,5;6-6;0,.,TD,.,.,.,.,.,.,Narration,.,36.04,33.38,6.47,7.1,.,.,.,75.87,209.04,.,.,1.22,.,.,.,.,.,.,.,.,.,.,.,.,.,.,.,.,.,.,.,.,.,.,.,52
Min,eng,Narr_SSS,.,5;6-6;0,.,TD,.,.,.,.,.,.,Narration,.,5,4,4.09,4.39,.,.,.,23,29,.,.,0.81,.,.,.,.,.,.,.,.,.,.,.,.,.,.,.,.,.,.,.,.,.,.,.,52
Max,eng,Narr_SSS,.,5;6-6;0,.,TD,.,.,.,.,.,.,Narration,.,73,71,13.25,14.25,.,.,.,156,388,.,.,1.75,.,.,.,.,.,.,.,.,.,.,.,.,.,.,.,.,.,.,.,.,.,.,.,52
SD,eng,Narr_SSS,.,5;6-6;0,.,TD,.,.,.,.,.,.,Narration,.,15.86,15.09,1.54,1.61,.,.,.,25.67,92.31,.,.,0.2,.,.,.,.,.,.,.,.,.,.,.,.,.,.,.,.,.,.,.,.,.,.,.,52
Mean,eng,Narr_SSS,.,6;0-6;6,.,TD,.,.,.,.,.,.,Narration,.,32.62,30.81,6.98,7.63,.,.,.,81.97,208.76,.,.,1.29,.,.,.,.,.,.,.,.,.,.,.,.,.,.,.,.,.,.,.,.,.,.,.,37
Min,eng,Narr_SSS,.,6;0-6;6,.,TD,.,.,.,.,.,.,Narration,.,12,12,4.68,5.09,.,.,.,40,74,.,.,0.87,.,.,.,.,.,.,.,.,.,.,.,.,.,.,.,.,.,.,.,.,.,.,.,37
Max,eng,Narr_SSS,.,6;0-6;6,.,TD,.,.,.,.,.,.,Narration,.,96,91,10.21,11.12,.,.,.,189,525,.,.,1.73,.,.,.,.,.,.,.,.,.,.,.,.,.,.,.,.,.,.,.,.,.,.,.,37
SD,eng,Narr_SSS,.,6;0-6;6,.,TD,.,.,.,.,.,.,Narration,.,17.55,16.59,1.33,1.45,.,.,.,31.05,103.35,.,.,0.21,.,.,.,.,.,.,.,.,.,.,.,.,.,.,.,.,.,.,.,.,.,.,.,37
Mean,eng,Narr_SSS,.,6;6-7;0,.,TD,.,.,.,.,.,.,Narration,.,45.8,41.67,7.09,7.73,.,.,.,98.53,292.3,.,.,1.33,.,.,.,.,.,.,.,.,.,.,.,.,.,.,.,.,.,.,.,.,.,.,.,30
Min,eng,Narr_SSS,.,6;6-7;0,.,TD,.,.,.,.,.,.,Narration,.,17,15,4.37,4.47,.,.,.,44,83,.,.,0.95,.,.,.,.,.,.,.,.,.,.,.,.,.,.,.,.,.,.,.,.,.,.,.,30
Max,eng,Narr_SSS,.,6;6-7;0,.,TD,.,.,.,.,.,.,Narration,.,137,121,10.12,11.12,.,.,.,231,835,.,.,1.91,.,.,.,.,.,.,.,.,.,.,.,.,.,.,.,.,.,.,.,.,.,.,.,30
SD,eng,Narr_SSS,.,6;6-7;0,.,TD,.,.,.,.,.,.,Narration,.,23.76,21.59,1.19,1.31,.,.,.,37.86,148.84,.,.,0.22,.,.,.,.,.,.,.,.,.,.,.,.,.,.,.,.,.,.,.,.,.,.,.,30
Mean,eng,Narr_SSS,.,7;0-7;6,.,TD,.,.,.,.,.,.,Narration,.,48.58,45.42,7.16,7.85,.,.,.,108,322.84,.,.,1.38,.,.,.,.,.,.,.,.,.,.,.,.,.,.,.,.,.,.,.,.,.,.,.,62
Min,eng,Narr_SSS,.,7;0-7;6,.,TD,.,.,.,.,.,.,Narration,.,12,12,4.85,5.35,.,.,.,49,79,.,.,0.94,.,.,.,.,.,.,.,.,.,.,.,.,.,.,.,.,.,.,.,.,.,.,.,62
Max,eng,Narr_SSS,.,7;0-7;6,.,TD,.,.,.,.,.,.,Narration,.,158,143,10,10.87,.,.,.,217,995,.,.,2.03,.,.,.,.,.,.,.,.,.,.,.,.,.,.,.,.,.,.,.,.,.,.,.,62
SD,eng,Narr_SSS,.,7;0-7;6,.,TD,.,.,.,.,.,.,Narration,.,26.76,24.39,1.04,1.13,.,.,.,39.74,163.95,.,.,0.23,.,.,.,.,.,.,.,.,.,.,.,.,.,.,.,.,.,.,.,.,.,.,.,62
Mean,eng,Narr_SSS,.,7;6-8;0,.,TD,.,.,.,.,.,.,Narration,.,55.79,52.26,7.74,8.5,.,.,.,137.53,420.05,.,.,1.5,.,.,.,.,.,.,.,.,.,.,.,.,.,.,.,.,.,.,.,.,.,.,.,19
Min,eng,Narr_SSS,.,7;6-8;0,.,TD,.,.,.,.,.,.,Narration,.,25,25,4.85,5.35,.,.,.,77,158,.,.,0.98,.,.,.,.,.,.,.,.,.,.,.,.,.,.,.,.,.,.,.,.,.,.,.,19
Max,eng,Narr_SSS,.,7;6-8;0,.,TD,.,.,.,.,.,.,Narration,.,135,122,10,11.1,.,.,.,302,1136,.,.,2.03,.,.,.,.,.,.,.,.,.,.,.,.,.,.,.,.,.,.,.,.,.,.,.,19
SD,eng,Narr_SSS,.,7;6-8;0,.,TD,.,.,.,.,.,.,Narration,.,32.61,30.01,1.54,1.7,.,.,.,65.57,292.08,.,.,0.31,.,.,.,.,.,.,.,.,.,.,.,.,.,.,.,.,.,.,.,.,.,.,.,19
Mean,eng,Narr_SSS,.,8;0-8;6,.,TD,.,.,.,.,.,.,Narration,.,77.78,70.53,8.04,8.86,.,.,.,166.06,557.03,.,.,1.58,.,.,.,.,.,.,.,.,.,.,.,.,.,.,.,.,.,.,.,.,.,.,.,36
Min,eng,Narr_SSS,.,8;0-8;6,.,TD,.,.,.,.,.,.,Narration,.,19,18,5.05,5.53,.,.,.,67,171,.,.,0.92,.,.,.,.,.,.,.,.,.,.,.,.,.,.,.,.,.,.,.,.,.,.,.,36
Max,eng,Narr_SSS,.,8;0-8;6,.,TD,.,.,.,.,.,.,Narration,.,196,179,11.56,13.07,.,.,.,329,1331,.,.,2.19,.,.,.,.,.,.,.,.,.,.,.,.,.,.,.,.,.,.,.,.,.,.,.,36
SD,eng,Narr_SSS,.,8;0-8;6,.,TD,.,.,.,.,.,.,Narration,.,51.03,44.95,1.44,1.59,.,.,.,77.26,353.69,.,.,0.27,.,.,.,.,.,.,.,.,.,.,.,.,.,.,.,.,.,.,.,.,.,.,.,36
Mean,eng,Narr_SSS,.,8;6-9;0,.,TD,.,.,.,.,.,.,Narration,.,70.35,64.78,7.91,8.75,.,.,.,150,506.35,.,.,1.52,.,.,.,.,.,.,.,.,.,.,.,.,.,.,.,.,.,.,.,.,.,.,.,23
Min,eng,Narr_SSS,.,8;6-9;0,.,TD,.,.,.,.,.,.,Narration,.,10,10,6.03,6.41,.,.,.,49,95,.,.,1.05,.,.,.,.,.,.,.,.,.,.,.,.,.,.,.,.,.,.,.,.,.,.,.,23
Max,eng,Narr_SSS,.,8;6-9;0,.,TD,.,.,.,.,.,.,Narration,.,196,169,10.1,11.2,.,.,.,329,1331,.,.,2,.,.,.,.,.,.,.,.,.,.,.,.,.,.,.,.,.,.,.,.,.,.,.,23
SD,eng,Narr_SSS,.,8;6-9;0,.,TD,.,.,.,.,.,.,Narration,.,38.43,32.76,0.95,1.14,.,.,.,66.27,262.79,.,.,0.22,.,.,.,.,.,.,.,.,.,.,.,.,.,.,.,.,.,.,.,.,.,.,.,23
Mean,eng,Narr_SSS,.,9;0-9;5,.,TD,.,.,.,.,.,.,Narration,.,52,49.09,7.44,8.2,.,.,.,106.91,358.09,.,.,1.45,.,.,.,.,.,.,.,.,.,.,.,.,.,.,.,.,.,.,.,.,.,.,.,22
Min,eng,Narr_SSS,.,9;0-9;5,.,TD,.,.,.,.,.,.,Narration,.,16,15,5.37,6.41,.,.,.,59,102,.,.,0.95,.,.,.,.,.,.,.,.,.,.,.,.,.,.,.,.,.,.,.,.,.,.,.,22
Max,eng,Narr_SSS,.,9;0-9;5,.,TD,.,.,.,.,.,.,Narration,.,106,101,10.82,11.5,.,.,.,206,767,.,.,2.21,.,.,.,.,.,.,.,.,.,.,.,.,.,.,.,.,.,.,.,.,.,.,.,22
SD,eng,Narr_SSS,.,9;0-9;5,.,TD,.,.,.,.,.,.,Narration,.,25.82,24.11,1.24,1.36,.,.,.,36.23,176.93,.,.,0.27,.,.,.,.,.,.,.,.,.,.,.,.,.,.,.,.,.,.,.,.,.,.,.,22
Mean,eng,Narr_SSS,.,10;9-11;4,.,TD,.,.,.,.,.,.,Narration,.,52.44,48.89,8.37,9.42,.,.,.,139.52,436.63,.,.,1.6,.,.,.,.,.,.,.,.,.,.,.,.,.,.,.,.,.,.,.,.,.,.,.,27
Min,eng,Narr_SSS,.,10;9-11;4,.,TD,.,.,.,.,.,.,Narration,.,11,11,5.96,6.92,.,.,.,40,68,.,.,1.1,.,.,.,.,.,.,.,.,.,.,.,.,.,.,.,.,.,.,.,.,.,.,.,27
Max,eng,Narr_SSS,.,10;9-11;4,.,TD,.,.,.,.,.,.,Narration,.,205,191,10.95,12.33,.,.,.,492,1888,.,.,2.5,.,.,.,.,.,.,.,.,.,.,.,.,.,.,.,.,.,.,.,.,.,.,.,27
SD,eng,Narr_SSS,.,10;9-11;4,.,TD,.,.,.,.,.,.,Narration,.,48.08,44.42,1.45,1.68,.,.,.,104.1,445.31,.,.,0.32,.,.,.,.,.,.,.,.,.,.,.,.,.,.,.,.,.,.,.,.,.,.,.,27
Mean,eng,Narr_SSS,.,12;9-13;3,.,TD,.,.,.,.,.,.,Narration,.,60.7,56.04,8.45,9.37,.,.,.,142.44,463.59,.,.,1.65,.,.,.,.,.,.,.,.,.,.,.,.,.,.,.,.,.,.,.,.,.,.,.,27
Min,eng,Narr_SSS,.,12;9-13;3,.,TD,.,.,.,.,.,.,Narration,.,12,12,4.92,5.46,.,.,.,44,64,.,.,1,.,.,.,.,.,.,.,.,.,.,.,.,.,.,.,.,.,.,.,.,.,.,.,27
Max,eng,Narr_SSS,.,12;9-13;3,.,TD,.,.,.,.,.,.,Narration,.,198,189,15.31,17,.,.,.,322,1410,.,.,2.54,.,.,.,.,.,.,.,.,.,.,.,.,.,.,.,.,.,.,.,.,.,.,.,27
SD,eng,Narr_SSS,.,12;9-13;3,.,TD,.,.,.,.,.,.,Narration,.,52.76,49.02,1.96,2.16,.,.,.,76.19,399.21,.,.,0.34,.,.,.,.,.,.,.,.,.,.,.,.,.,.,.,.,.,.,.,.,.,.,.,27
Mean,eng,TNL2,.,4;0-5;0,.,TD,.,.,.,.,.,.,Narrative retell and picture narrative,.,22.51,15.93,5.7,6.32,.,.,.,48.6,94.72,.,.,1.17,.,.,.,.,.,.,.,.,.,.,.,.,.,.,.,.,.,.,.,.,.,.,.,43
Min,eng,TNL2,.,4;0-5;0,.,TD,.,.,.,.,.,.,Narrative retell and picture narrative,.,3,0,3,3.25,.,.,.,0,0,.,.,0.71,.,.,.,.,.,.,.,.,.,.,.,.,.,.,.,.,.,.,.,.,.,.,.,43
Max,eng,TNL2,.,4;0-5;0,.,TD,.,.,.,.,.,.,Narrative retell and picture narrative,.,62,46,10.5,11.5,.,.,.,115,285,.,.,2.5,.,.,.,.,.,.,.,.,.,.,.,.,.,.,.,.,.,.,.,.,.,.,.,43
SD,eng,TNL2,.,4;0-5;0,.,TD,.,.,.,.,.,.,Narrative retell and picture narrative,.,13.51,11.59,1.29,1.41,.,.,.,29.96,73.96,.,.,0.3,.,.,.,.,.,.,.,.,.,.,.,.,.,.,.,.,.,.,.,.,.,.,.,43
Mean,eng,TNL2,.,5;0-6;0,.,TD,.,.,.,.,.,.,Narrative retell and picture narrative,.,26.5,20,5.98,6.61,.,.,.,60.58,128.23,.,.,1.27,.,.,.,.,.,.,.,.,.,.,.,.,.,.,.,.,.,.,.,.,.,.,.,66
Min,eng,TNL2,.,5;0-6;0,.,TD,.,.,.,.,.,.,Narrative retell and picture narrative,.,4,1,3.25,3.5,.,.,.,4,4,.,.,0.5,.,.,.,.,.,.,.,.,.,.,.,.,.,.,.,.,.,.,.,.,.,.,.,66
Max,eng,TNL2,.,5;0-6;0,.,TD,.,.,.,.,.,.,Narrative retell and picture narrative,.,126,82,9.88,10.5,.,.,.,192,562,.,.,2.25,.,.,.,.,.,.,.,.,.,.,.,.,.,.,.,.,.,.,.,.,.,.,.,66
SD,eng,TNL2,.,5;0-6;0,.,TD,.,.,.,.,.,.,Narrative retell and picture narrative,.,19.82,14.52,1.29,1.4,.,.,.,35.93,108.74,.,.,0.27,.,.,.,.,.,.,.,.,.,.,.,.,.,.,.,.,.,.,.,.,.,.,.,66
Mean,eng,TNL2,.,6;0-7;0,.,TD,.,.,.,.,.,.,Narrative retell and picture narrative,.,30.05,25.96,6.62,7.27,.,.,.,80.84,177.32,.,.,1.36,.,.,.,.,.,.,.,.,.,.,.,.,.,.,.,.,.,.,.,.,.,.,.,80
Min,eng,TNL2,.,6;0-7;0,.,TD,.,.,.,.,.,.,Narrative retell and picture narrative,.,7,1,3.58,3.79,.,.,.,4,4,.,.,0.8,.,.,.,.,.,.,.,.,.,.,.,.,.,.,.,.,.,.,.,.,.,.,.,80
Max,eng,TNL2,.,6;0-7;0,.,TD,.,.,.,.,.,.,Narrative retell and picture narrative,.,94,84,9.37,10.37,.,.,.,178,559,.,.,2,.,.,.,.,.,.,.,.,.,.,.,.,.,.,.,.,.,.,.,.,.,.,.,80
SD,eng,TNL2,.,6;0-7;0,.,TD,.,.,.,.,.,.,Narrative retell and picture narrative,.,15.71,15.21,1.27,1.42,.,.,.,37.83,112.59,.,.,0.25,.,.,.,.,.,.,.,.,.,.,.,.,.,.,.,.,.,.,.,.,.,.,.,80
Mean,eng,TNL2,.,7;0-8;0,.,TD,.,.,.,.,.,.,Narrative retell and picture narrative,.,34.45,31.02,7.19,7.9,.,.,.,99.02,225.82,.,.,1.45,.,.,.,.,.,.,.,.,.,.,.,.,.,.,.,.,.,.,.,.,.,.,.,114
Min,eng,TNL2,.,7;0-8;0,.,TD,.,.,.,.,.,.,Narrative retell and picture narrative,.,7,6,4.85,5.5,.,.,.,31,45,.,.,0.94,.,.,.,.,.,.,.,.,.,.,.,.,.,.,.,.,.,.,.,.,.,.,.,114
Max,eng,TNL2,.,7;0-8;0,.,TD,.,.,.,.,.,.,Narrative retell and picture narrative,.,129,126,10.37,11,.,.,.,222,851,.,.,2.2,.,.,.,.,.,.,.,.,.,.,.,.,.,.,.,.,.,.,.,.,.,.,.,114
SD,eng,TNL2,.,7;0-8;0,.,TD,.,.,.,.,.,.,Narrative retell and picture narrative,.,15.97,15.72,1.08,1.15,.,.,.,35.3,121.89,.,.,0.22,.,.,.,.,.,.,.,.,.,.,.,.,.,.,.,.,.,.,.,.,.,.,.,114
Mean,eng,TNL2,.,8;0-9;0,.,TD,.,.,.,.,.,.,Narrative retell and picture narrative,.,40.25,36.91,7.54,8.28,.,.,.,117.56,278.5,.,.,1.56,.,.,.,.,.,.,.,.,.,.,.,.,.,.,.,.,.,.,.,.,.,.,.,130
Min,eng,TNL2,.,8;0-9;0,.,TD,.,.,.,.,.,.,Narrative retell and picture narrative,.,12,4,2.75,4,.,.,.,11,11,.,.,1,.,.,.,.,.,.,.,.,.,.,.,.,.,.,.,.,.,.,.,.,.,.,.,130
Max,eng,TNL2,.,8;0-9;0,.,TD,.,.,.,.,.,.,Narrative retell and picture narrative,.,88,85,10.94,11.64,.,.,.,206,696,.,.,2.08,.,.,.,.,.,.,.,.,.,.,.,.,.,.,.,.,.,.,.,.,.,.,.,130
SD,eng,TNL2,.,8;0-9;0,.,TD,.,.,.,.,.,.,Narrative retell and picture narrative,.,14.55,13.98,0.95,1,.,.,.,31.51,107.05,.,.,0.18,.,.,.,.,.,.,.,.,.,.,.,.,.,.,.,.,.,.,.,.,.,.,.,130
Mean,eng,TNL2,.,9;0-10;0,.,TD,.,.,.,.,.,.,Narrative retell and picture narrative,.,40.44,37.37,7.86,8.63,.,.,.,125.69,296.17,.,.,1.62,.,.,.,.,.,.,.,.,.,.,.,.,.,.,.,.,.,.,.,.,.,.,.,137
Min,eng,TNL2,.,9;0-10;0,.,TD,.,.,.,.,.,.,Narrative retell and picture narrative,.,11,9,5.92,6.28,.,.,.,36,63,.,.,1.16,.,.,.,.,.,.,.,.,.,.,.,.,.,.,.,.,.,.,.,.,.,.,.,137
Max,eng,TNL2,.,9;0-10;0,.,TD,.,.,.,.,.,.,Narrative retell and picture narrative,.,88,77,11.52,12.56,.,.,.,241,611,.,.,2.64,.,.,.,.,.,.,.,.,.,.,.,.,.,.,.,.,.,.,.,.,.,.,.,137
SD,eng,TNL2,.,9;0-10;0,.,TD,.,.,.,.,.,.,Narrative retell and picture narrative,.,11.85,11.69,1.03,1.14,.,.,.,33.75,104.74,.,.,0.22,.,.,.,.,.,.,.,.,.,.,.,.,.,.,.,.,.,.,.,.,.,.,.,137
Mean,eng,TNL2,.,10;0-11;0,.,TD,.,.,.,.,.,.,Narrative retell and picture narrative,.,45.59,42.76,8.34,9.15,.,.,.,146.35,354.77,.,.,1.74,.,.,.,.,.,.,.,.,.,.,.,.,.,.,.,.,.,.,.,.,.,.,.,121
Min,eng,TNL2,.,10;0-11;0,.,TD,.,.,.,.,.,.,Narrative retell and picture narrative,.,15,11,6.07,6.56,.,.,.,60,91,.,.,1.23,.,.,.,.,.,.,.,.,.,.,.,.,.,.,.,.,.,.,.,.,.,.,.,121
Max,eng,TNL2,.,10;0-11;0,.,TD,.,.,.,.,.,.,Narrative retell and picture narrative,.,95,92,13.36,14.55,.,.,.,236,699,.,.,2.88,.,.,.,.,.,.,.,.,.,.,.,.,.,.,.,.,.,.,.,.,.,.,.,121
SD,eng,TNL2,.,10;0-11;0,.,TD,.,.,.,.,.,.,Narrative retell and picture narrative,.,15.21,14.22,1.14,1.27,.,.,.,36.77,117.63,.,.,0.25,.,.,.,.,.,.,.,.,.,.,.,.,.,.,.,.,.,.,.,.,.,.,.,121
Mean,eng,TNL2,.,11;0-12;0,.,TD,.,.,.,.,.,.,Narrative retell and picture narrative,.,46.41,43.38,8.33,9.13,.,.,.,145.48,355.41,.,.,1.76,.,.,.,.,.,.,.,.,.,.,.,.,.,.,.,.,.,.,.,.,.,.,.,85
Min,eng,TNL2,.,11;0-12;0,.,TD,.,.,.,.,.,.,Narrative retell and picture narrative,.,21,18,5.97,6.64,.,.,.,69,123,.,.,1.26,.,.,.,.,.,.,.,.,.,.,.,.,.,.,.,.,.,.,.,.,.,.,.,85
Max,eng,TNL2,.,11;0-12;0,.,TD,.,.,.,.,.,.,Narrative retell and picture narrative,.,123,119,11.93,13.23,.,.,.,236,711,.,.,2.63,.,.,.,.,.,.,.,.,.,.,.,.,.,.,.,.,.,.,.,.,.,.,.,85
SD,eng,TNL2,.,11;0-12;0,.,TD,.,.,.,.,.,.,Narrative retell and picture narrative,.,18.21,16.87,1.11,1.24,.,.,.,35.46,120.71,.,.,0.24,.,.,.,.,.,.,.,.,.,.,.,.,.,.,.,.,.,.,.,.,.,.,.,85
Mean,eng,TNL2,.,12;0-13;0,.,TD,.,.,.,.,.,.,Narrative retell and picture narrative,.,52.55,49.67,8.72,9.61,.,.,.,168.7,423.42,.,.,1.86,.,.,.,.,.,.,.,.,.,.,.,.,.,.,.,.,.,.,.,.,.,.,.,33
Min,eng,TNL2,.,12;0-13;0,.,TD,.,.,.,.,.,.,Narrative retell and picture narrative,.,26,15,6.21,6.78,.,.,.,70,135,.,.,1.34,.,.,.,.,.,.,.,.,.,.,.,.,.,.,.,.,.,.,.,.,.,.,.,33
Max,eng,TNL2,.,12;0-13;0,.,TD,.,.,.,.,.,.,Narrative retell and picture narrative,.,126,126,12.02,13.44,.,.,.,289,943,.,.,2.39,.,.,.,.,.,.,.,.,.,.,.,.,.,.,.,.,.,.,.,.,.,.,.,33
SD,eng,TNL2,.,12;0-13;0,.,TD,.,.,.,.,.,.,Narrative retell and picture narrative,.,22.35,22.83,1.29,1.43,.,.,.,45.75,176.75,.,.,0.26,.,.,.,.,.,.,.,.,.,.,.,.,.,.,.,.,.,.,.,.,.,.,.,33
Mean,eng,TNL2,.,13;0-14;0,.,TD,.,.,.,.,.,.,Narrative retell and picture narrative,.,45.68,43.13,8.52,9.41,.,.,.,157.71,367.68,.,.,1.78,.,.,.,.,.,.,.,.,.,.,.,.,.,.,.,.,.,.,.,.,.,.,.,31
Min,eng,TNL2,.,13;0-14;0,.,TD,.,.,.,.,.,.,Narrative retell and picture narrative,.,24,23,6.57,7.28,.,.,.,84,192,.,.,1.37,.,.,.,.,.,.,.,.,.,.,.,.,.,.,.,.,.,.,.,.,.,.,.,31
Max,eng,TNL2,.,13;0-14;0,.,TD,.,.,.,.,.,.,Narrative retell and picture narrative,.,81,78,10.84,12.16,.,.,.,256,657,.,.,2.28,.,.,.,.,.,.,.,.,.,.,.,.,.,.,.,.,.,.,.,.,.,.,.,31
SD,eng,TNL2,.,13;0-14;0,.,TD,.,.,.,.,.,.,Narrative retell and picture narrative,.,15.01,14.95,1.09,1.2,.,.,.,45.7,134.55,.,.,0.23,.,.,.,.,.,.,.,.,.,.,.,.,.,.,.,.,.,.,.,.,.,.,.,31
Mean,eng,TNL2,.,14;0-14;11,.,TD,.,.,.,.,.,.,Narrative retell and picture narrative,.,50.06,47.44,8.81,9.86,.,.,.,169.22,411.61,.,.,1.86,.,.,.,.,.,.,.,.,.,.,.,.,.,.,.,.,.,.,.,.,.,.,.,18
Min,eng,TNL2,.,14;0-14;11,.,TD,.,.,.,.,.,.,Narrative retell and picture narrative,.,27,22,6.94,7.73,.,.,.,115,197,.,.,1.47,.,.,.,.,.,.,.,.,.,.,.,.,.,.,.,.,.,.,.,.,.,.,.,18
Max,eng,TNL2,.,14;0-14;11,.,TD,.,.,.,.,.,.,Narrative retell and picture narrative,.,105,101,10.22,11.46,.,.,.,264,802,.,.,2.1,.,.,.,.,.,.,.,.,.,.,.,.,.,.,.,.,.,.,.,.,.,.,.,18
SD,eng,TNL2,.,14;0-14;11,.,TD,.,.,.,.,.,.,Narrative retell and picture narrative,.,21.35,21.44,0.86,0.95,.,.,.,49.11,168.64,.,.,0.18,.,.,.,.,.,.,.,.,.,.,.,.,.,.,.,.,.,.,.,.,.,.,.,18
Mean,eng,TNL,.,5;0-6;0,.,TD,.,.,.,.,.,.,Narrative retell and picture narrative,.,29.75,25.42,6.66,7.29,.,.,.,84.42,175.13,.,.,1.37,.,.,.,.,.,.,.,.,.,.,.,.,.,.,.,.,.,.,.,.,.,.,.,55
Min,eng,TNL,.,5;0-6;0,.,TD,.,.,.,.,.,.,Narrative retell and picture narrative,.,8,7,3,3.3,.,.,.,25,30,.,.,0.69,.,.,.,.,.,.,.,.,.,.,.,.,.,.,.,.,.,.,.,.,.,.,.,55
Max,eng,TNL,.,5;0-6;0,.,TD,.,.,.,.,.,.,Narrative retell and picture narrative,.,64,56,8.84,9.54,.,.,.,184,495,.,.,1.88,.,.,.,.,.,.,.,.,.,.,.,.,.,.,.,.,.,.,.,.,.,.,.,55
SD,eng,TNL,.,5;0-6;0,.,TD,.,.,.,.,.,.,Narrative retell and picture narrative,.,10.86,9.84,1.21,1.27,.,.,.,30.48,86.98,.,.,0.25,.,.,.,.,.,.,.,.,.,.,.,.,.,.,.,.,.,.,.,.,.,.,.,55
Mean,eng,TNL,.,6;0-7;0,.,TD,.,.,.,.,.,.,Narrative retell and picture narrative,.,31.43,27.68,7.18,7.87,.,.,.,93.78,203.47,.,.,1.46,.,.,.,.,.,.,.,.,.,.,.,.,.,.,.,.,.,.,.,.,.,.,.,108
Min,eng,TNL,.,6;0-7;0,.,TD,.,.,.,.,.,.,Narrative retell and picture narrative,.,8,7,2.9,3.2,.,.,.,24,29,.,.,0.5,.,.,.,.,.,.,.,.,.,.,.,.,.,.,.,.,.,.,.,.,.,.,.,108
Max,eng,TNL,.,6;0-7;0,.,TD,.,.,.,.,.,.,Narrative retell and picture narrative,.,82,73,10.51,11.54,.,.,.,205,603,.,.,2.21,.,.,.,.,.,.,.,.,.,.,.,.,.,.,.,.,.,.,.,.,.,.,.,108
SD,eng,TNL,.,6;0-7;0,.,TD,.,.,.,.,.,.,Narrative retell and picture narrative,.,12.9,12.25,1.28,1.36,.,.,.,35.49,103.92,.,.,0.27,.,.,.,.,.,.,.,.,.,.,.,.,.,.,.,.,.,.,.,.,.,.,.,108
Mean,eng,TNL,.,7;0-8;0,.,TD,.,.,.,.,.,.,Narrative retell and picture narrative,.,37.28,34.26,7.86,8.61,.,.,.,119.47,274.31,.,.,1.58,.,.,.,.,.,.,.,.,.,.,.,.,.,.,.,.,.,.,.,.,.,.,.,112
Min,eng,TNL,.,7;0-8;0,.,TD,.,.,.,.,.,.,Narrative retell and picture narrative,.,11,8,5,5.6,.,.,.,38,50,.,.,1,.,.,.,.,.,.,.,.,.,.,.,.,.,.,.,.,.,.,.,.,.,.,.,112
Max,eng,TNL,.,7;0-8;0,.,TD,.,.,.,.,.,.,Narrative retell and picture narrative,.,99,96,12.03,13.05,.,.,.,276,867,.,.,2.27,.,.,.,.,.,.,.,.,.,.,.,.,.,.,.,.,.,.,.,.,.,.,.,112
SD,eng,TNL,.,7;0-8;0,.,TD,.,.,.,.,.,.,Narrative retell and picture narrative,.,17.01,16.29,1.27,1.37,.,.,.,45.53,144.32,.,.,0.25,.,.,.,.,.,.,.,.,.,.,.,.,.,.,.,.,.,.,.,.,.,.,.,112
Mean,eng,TNL,.,8;0-9;0,.,TD,.,.,.,.,.,.,Narrative retell and picture narrative,.,44.47,41.36,8.06,8.81,.,.,.,138.89,335.53,.,.,1.64,.,.,.,.,.,.,.,.,.,.,.,.,.,.,.,.,.,.,.,.,.,.,.,109
Min,eng,TNL,.,8;0-9;0,.,TD,.,.,.,.,.,.,Narrative retell and picture narrative,.,14,11,5.4,5.73,.,.,.,42,77,.,.,1,.,.,.,.,.,.,.,.,.,.,.,.,.,.,.,.,.,.,.,.,.,.,.,109
Max,eng,TNL,.,8;0-9;0,.,TD,.,.,.,.,.,.,Narrative retell and picture narrative,.,157,149,11.6,12.46,.,.,.,322,1183,.,.,2.23,.,.,.,.,.,.,.,.,.,.,.,.,.,.,.,.,.,.,.,.,.,.,.,109
SD,eng,TNL,.,8;0-9;0,.,TD,.,.,.,.,.,.,Narrative retell and picture narrative,.,21.16,20.16,1.14,1.24,.,.,.,45.68,168.73,.,.,0.23,.,.,.,.,.,.,.,.,.,.,.,.,.,.,.,.,.,.,.,.,.,.,.,109
Mean,eng,TNL,.,9;0-10;0,.,TD,.,.,.,.,.,.,Narrative retell and picture narrative,.,50.76,47.04,8.3,9.09,.,.,.,154.37,381,.,.,1.7,.,.,.,.,.,.,.,.,.,.,.,.,.,.,.,.,.,.,.,.,.,.,.,49
Min,eng,TNL,.,9;0-10;0,.,TD,.,.,.,.,.,.,Narrative retell and picture narrative,.,24,24,4.63,5.07,.,.,.,88,161,.,.,0.74,.,.,.,.,.,.,.,.,.,.,.,.,.,.,.,.,.,.,.,.,.,.,.,49
Max,eng,TNL,.,9;0-10;0,.,TD,.,.,.,.,.,.,Narrative retell and picture narrative,.,138,106,11,12.25,.,.,.,249,815,.,.,2.35,.,.,.,.,.,.,.,.,.,.,.,.,.,.,.,.,.,.,.,.,.,.,.,49
SD,eng,TNL,.,9;0-10;0,.,TD,.,.,.,.,.,.,Narrative retell and picture narrative,.,21.55,18.66,1.3,1.45,.,.,.,34.19,132.55,.,.,0.28,.,.,.,.,.,.,.,.,.,.,.,.,.,.,.,.,.,.,.,.,.,.,.,49
Mean,eng,TNL,.,10;0-11;0,.,TD,.,.,.,.,.,.,Narrative retell and picture narrative,.,50.53,48.66,8.93,9.8,.,.,.,166.23,430.75,.,.,1.83,.,.,.,.,.,.,.,.,.,.,.,.,.,.,.,.,.,.,.,.,.,.,.,53
Min,eng,TNL,.,10;0-11;0,.,TD,.,.,.,.,.,.,Narrative retell and picture narrative,.,21,19,5.65,6.04,.,.,.,57,117,.,.,1.05,.,.,.,.,.,.,.,.,.,.,.,.,.,.,.,.,.,.,.,.,.,.,.,53
Max,eng,TNL,.,10;0-11;0,.,TD,.,.,.,.,.,.,Narrative retell and picture narrative,.,194,192,12.55,13.61,.,.,.,349,1342,.,.,2.63,.,.,.,.,.,.,.,.,.,.,.,.,.,.,.,.,.,.,.,.,.,.,.,53
SD,eng,TNL,.,10;0-11;0,.,TD,.,.,.,.,.,.,Narrative retell and picture narrative,.,26.98,26.9,1.49,1.64,.,.,.,52.47,216.2,.,.,0.34,.,.,.,.,.,.,.,.,.,.,.,.,.,.,.,.,.,.,.,.,.,.,.,53
Mean,eng,TNL,.,11;0-11;11,.,TD,.,.,.,.,.,.,Narrative retell and picture narrative,.,45.94,44.02,8.82,9.66,.,.,.,158.96,382.75,.,.,1.82,.,.,.,.,.,.,.,.,.,.,.,.,.,.,.,.,.,.,.,.,.,.,.,52
Min,eng,TNL,.,11;0-11;11,.,TD,.,.,.,.,.,.,Narrative retell and picture narrative,.,23,20,5.47,6.17,.,.,.,78,147,.,.,1.19,.,.,.,.,.,.,.,.,.,.,.,.,.,.,.,.,.,.,.,.,.,.,.,52
Max,eng,TNL,.,11;0-11;11,.,TD,.,.,.,.,.,.,Narrative retell and picture narrative,.,77,77,12.15,13.24,.,.,.,249,739,.,.,2.7,.,.,.,.,.,.,.,.,.,.,.,.,.,.,.,.,.,.,.,.,.,.,.,52
SD,eng,TNL,.,11;0-11;11,.,TD,.,.,.,.,.,.,Narrative retell and picture narrative,.,13.65,13.38,1.29,1.43,.,.,.,32.83,109.39,.,.,0.25,.,.,.,.,.,.,.,.,.,.,.,.,.,.,.,.,.,.,.,.,.,.,.,52
Mean,eng,SALT_Play,.,2;8-3;0,.,TD,.,.,.,.,.,.,Play,.,169,147,3.03,3.29,.,.,.,126.44,442,.,.,0.61,.,.,.,.,.,.,.,.,.,.,.,.,.,.,.,.,.,.,.,.,.,.,.,9
Min,eng,SALT_Play,.,2;8-3;0,.,TD,.,.,.,.,.,.,Play,.,70,65,2.67,2.89,.,.,.,85,193,.,.,0.45,.,.,.,.,.,.,.,.,.,.,.,.,.,.,.,.,.,.,.,.,.,.,.,9
Max,eng,SALT_Play,.,2;8-3;0,.,TD,.,.,.,.,.,.,Play,.,288,236,3.75,4.09,.,.,.,174,773,.,.,0.76,.,.,.,.,.,.,.,.,.,.,.,.,.,.,.,.,.,.,.,.,.,.,.,9
SD,eng,SALT_Play,.,2;8-3;0,.,TD,.,.,.,.,.,.,Play,.,83.34,68.95,0.35,0.39,.,.,.,30.23,204.3,.,.,0.11,.,.,.,.,.,.,.,.,.,.,.,.,.,.,.,.,.,.,.,.,.,.,.,9
Mean,eng,SALT_Play,.,3;0-3;5,.,TD,.,.,.,.,.,.,Play,.,132.7,116.48,3.23,3.54,.,.,.,126.26,377.04,.,.,0.69,.,.,.,.,.,.,.,.,.,.,.,.,.,.,.,.,.,.,.,.,.,.,.,23
Min,eng,SALT_Play,.,3;0-3;5,.,TD,.,.,.,.,.,.,Play,.,46,39,2.64,2.88,.,.,.,71,120,.,.,0.48,.,.,.,.,.,.,.,.,.,.,.,.,.,.,.,.,.,.,.,.,.,.,.,23
Max,eng,SALT_Play,.,3;0-3;5,.,TD,.,.,.,.,.,.,Play,.,288,224,4.16,4.5,.,.,.,176,688,.,.,0.97,.,.,.,.,.,.,.,.,.,.,.,.,.,.,.,.,.,.,.,.,.,.,.,23
SD,eng,SALT_Play,.,3;0-3;5,.,TD,.,.,.,.,.,.,Play,.,51.93,41.36,0.41,0.46,.,.,.,23.93,141.89,.,.,0.13,.,.,.,.,.,.,.,.,.,.,.,.,.,.,.,.,.,.,.,.,.,.,.,23
Mean,eng,SALT_Play,.,3;9-4;0,.,TD,.,.,.,.,.,.,Play,.,182.43,159.71,3.39,3.74,.,.,.,158.71,546.21,.,.,0.7,.,.,.,.,.,.,.,.,.,.,.,.,.,.,.,.,.,.,.,.,.,.,.,14
Min,eng,SALT_Play,.,3;9-4;0,.,TD,.,.,.,.,.,.,Play,.,79,71,2.44,2.64,.,.,.,96,274,.,.,0.51,.,.,.,.,.,.,.,.,.,.,.,.,.,.,.,.,.,.,.,.,.,.,.,14
Max,eng,SALT_Play,.,3;9-4;0,.,TD,.,.,.,.,.,.,Play,.,269,228,4.17,4.57,.,.,.,228,851,.,.,0.95,.,.,.,.,.,.,.,.,.,.,.,.,.,.,.,.,.,.,.,.,.,.,.,14
SD,eng,SALT_Play,.,3;9-4;0,.,TD,.,.,.,.,.,.,Play,.,61.19,50.73,0.57,0.65,.,.,.,39.96,212.59,.,.,0.14,.,.,.,.,.,.,.,.,.,.,.,.,.,.,.,.,.,.,.,.,.,.,.,14
Mean,eng,SALT_Play,.,4;0-4;4,.,TD,.,.,.,.,.,.,Play,.,139.07,124.53,3.47,3.82,.,.,.,137.73,426.73,.,.,0.73,.,.,.,.,.,.,.,.,.,.,.,.,.,.,.,.,.,.,.,.,.,.,.,15
Min,eng,SALT_Play,.,4;0-4;4,.,TD,.,.,.,.,.,.,Play,.,65,64,2.18,2.42,.,.,.,82,166,.,.,0.28,.,.,.,.,.,.,.,.,.,.,.,.,.,.,.,.,.,.,.,.,.,.,.,15
Max,eng,SALT_Play,.,4;0-4;4,.,TD,.,.,.,.,.,.,Play,.,272,244,4.89,5.71,.,.,.,200,725,.,.,0.95,.,.,.,.,.,.,.,.,.,.,.,.,.,.,.,.,.,.,.,.,.,.,.,15
SD,eng,SALT_Play,.,4;0-4;4,.,TD,.,.,.,.,.,.,Play,.,64.72,58.83,0.63,0.75,.,.,.,37.07,197.75,.,.,0.18,.,.,.,.,.,.,.,.,.,.,.,.,.,.,.,.,.,.,.,.,.,.,.,15
Mean,eng,SALT_Play,.,5;4-5;8,.,TD,.,.,.,.,.,.,Play,.,132.8,120.67,4.54,4.97,.,.,.,152.73,561.47,.,.,1.01,.,.,.,.,.,.,.,.,.,.,.,.,.,.,.,.,.,.,.,.,.,.,.,15
Min,eng,SALT_Play,.,5;4-5;8,.,TD,.,.,.,.,.,.,Play,.,46,42,3.39,3.69,.,.,.,79,150,.,.,0.62,.,.,.,.,.,.,.,.,.,.,.,.,.,.,.,.,.,.,.,.,.,.,.,15
Max,eng,SALT_Play,.,5;4-5;8,.,TD,.,.,.,.,.,.,Play,.,255,236,6.03,6.56,.,.,.,294,1307,.,.,1.28,.,.,.,.,.,.,.,.,.,.,.,.,.,.,.,.,.,.,.,.,.,.,.,15
SD,eng,SALT_Play,.,5;4-5;8,.,TD,.,.,.,.,.,.,Play,.,60.26,54.95,0.8,0.85,.,.,.,51.52,298.17,.,.,0.2,.,.,.,.,.,.,.,.,.,.,.,.,.,.,.,.,.,.,.,.,.,.,.,15
Mean,eng,Pookins,.,7;0-8;0,.,TD,.,.,.,.,.,.,Narrative retell-- Pookins,.,39.1,37,8.37,9.4,.,.,.,125.16,310.16,.,.,1.7,.,.,.,.,.,.,.,.,.,.,.,.,.,.,.,.,.,.,.,.,.,.,.,50
Min,eng,Pookins,.,7;0-8;0,.,TD,.,.,.,.,.,.,Narrative retell-- Pookins,.,24,21,6.97,7.8,.,.,.,85,165,.,.,1.24,.,.,.,.,.,.,.,.,.,.,.,.,.,.,.,.,.,.,.,.,.,.,.,50
Max,eng,Pookins,.,7;0-8;0,.,TD,.,.,.,.,.,.,Narrative retell-- Pookins,.,64,64,10.64,12,.,.,.,209,646,.,.,2.12,.,.,.,.,.,.,.,.,.,.,.,.,.,.,.,.,.,.,.,.,.,.,.,50
SD,eng,Pookins,.,7;0-8;0,.,TD,.,.,.,.,.,.,Narrative retell-- Pookins,.,10.87,10.44,0.9,1.02,.,.,.,25.29,95.6,.,.,0.21,.,.,.,.,.,.,.,.,.,.,.,.,.,.,.,.,.,.,.,.,.,.,.,50
Mean,eng,Pookins,.,8;0-8;11,.,TD,.,.,.,.,.,.,Narrative retell-- Pookins,.,42,39.64,8.25,9.24,.,.,.,131.69,326.75,.,.,1.65,.,.,.,.,.,.,.,.,.,.,.,.,.,.,.,.,.,.,.,.,.,.,.,59
Min,eng,Pookins,.,8;0-8;11,.,TD,.,.,.,.,.,.,Narrative retell-- Pookins,.,22,21,6.12,6.92,.,.,.,69,139,.,.,1.09,.,.,.,.,.,.,.,.,.,.,.,.,.,.,.,.,.,.,.,.,.,.,.,59
Max,eng,Pookins,.,8;0-8;11,.,TD,.,.,.,.,.,.,Narrative retell-- Pookins,.,85,76,10.64,12,.,.,.,225,718,.,.,2.11,.,.,.,.,.,.,.,.,.,.,.,.,.,.,.,.,.,.,.,.,.,.,.,59
SD,eng,Pookins,.,8;0-8;11,.,TD,.,.,.,.,.,.,Narrative retell-- Pookins,.,12.69,11.8,1,1.11,.,.,.,28.57,107.58,.,.,0.21,.,.,.,.,.,.,.,.,.,.,.,.,.,.,.,.,.,.,.,.,.,.,.,59
Mean,eng,Fable_dog,.,13;5-14;9,.,TD,.,.,.,.,.,.,Narrative retell-- dog,.,20.63,20.1,10.91,11.74,.,.,.,99,217.47,.,.,2.17,.,.,.,.,.,.,.,.,.,.,.,.,.,.,.,.,.,.,.,.,.,.,.,30
Min,eng,Fable_dog,.,13;5-14;9,.,TD,.,.,.,.,.,.,Narrative retell-- dog,.,10,10,5.2,5.4,.,.,.,41,52,.,.,1,.,.,.,.,.,.,.,.,.,.,.,.,.,.,.,.,.,.,.,.,.,.,.,30
Max,eng,Fable_dog,.,13;5-14;9,.,TD,.,.,.,.,.,.,Narrative retell-- dog,.,54,51,17.47,19.4,.,.,.,189,550,.,.,2.93,.,.,.,.,.,.,.,.,.,.,.,.,.,.,.,.,.,.,.,.,.,.,.,30
SD,eng,Fable_dog,.,13;5-14;9,.,TD,.,.,.,.,.,.,Narrative retell-- dog,.,10.33,9.73,2.42,2.62,.,.,.,32.99,104.15,.,.,0.5,.,.,.,.,.,.,.,.,.,.,.,.,.,.,.,.,.,.,.,.,.,.,.,30
Mean,eng,Fable_fox,.,13;5-14;9,.,TD,.,.,.,.,.,.,Narrative retell-- fox,.,21.17,20.7,11.47,12.4,.,.,.,107.77,233.23,.,.,2.37,.,.,.,.,.,.,.,.,.,.,.,.,.,.,.,.,.,.,.,.,.,.,.,30
Min,eng,Fable_fox,.,13;5-14;9,.,TD,.,.,.,.,.,.,Narrative retell-- fox,.,10,10,8.32,9.14,.,.,.,59,92,.,.,1.61,.,.,.,.,.,.,.,.,.,.,.,.,.,.,.,.,.,.,.,.,.,.,.,30
Max,eng,Fable_fox,.,13;5-14;9,.,TD,.,.,.,.,.,.,Narrative retell-- fox,.,47,44,18.94,20.47,.,.,.,169,466,.,.,3.8,.,.,.,.,.,.,.,.,.,.,.,.,.,.,.,.,.,.,.,.,.,.,.,30
SD,eng,Fable_fox,.,13;5-14;9,.,TD,.,.,.,.,.,.,Narrative retell-- fox,.,9.51,9.03,2.38,2.55,.,.,.,33.61,99.55,.,.,0.58,.,.,.,.,.,.,.,.,.,.,.,.,.,.,.,.,.,.,.,.,.,.,.,30
Mean,eng,Fable_oak,.,13;5-14;9,.,TD,.,.,.,.,.,.,Narrative retell-- oak,.,22.17,21.23,10.33,11.19,.,.,.,101.43,214.97,.,.,2.24,.,.,.,.,.,.,.,.,.,.,.,.,.,.,.,.,.,.,.,.,.,.,.,30
Min,eng,Fable_oak,.,13;5-14;9,.,TD,.,.,.,.,.,.,Narrative retell-- oak,.,12,11,6.59,7.14,.,.,.,58,99,.,.,1.36,.,.,.,.,.,.,.,.,.,.,.,.,.,.,.,.,.,.,.,.,.,.,.,30
Max,eng,Fable_oak,.,13;5-14;9,.,TD,.,.,.,.,.,.,Narrative retell-- oak,.,47,43,17.4,18.07,.,.,.,178,461,.,.,3.73,.,.,.,.,.,.,.,.,.,.,.,.,.,.,.,.,.,.,.,.,.,.,.,30
SD,eng,Fable_oak,.,13;5-14;9,.,TD,.,.,.,.,.,.,Narrative retell-- oak,.,10.01,9.28,2.3,2.35,.,.,.,30.48,94.86,.,.,0.53,.,.,.,.,.,.,.,.,.,.,.,.,.,.,.,.,.,.,.,.,.,.,.,30
Mean,eng,Fable_stag,.,13;5-14;9,.,TD,.,.,.,.,.,.,Narrative retell-- stag,.,28.8,27.4,10.42,11.53,.,.,.,126.7,283.67,.,.,1.99,.,.,.,.,.,.,.,.,.,.,.,.,.,.,.,.,.,.,.,.,.,.,.,30
Min,eng,Fable_stag,.,13;5-14;9,.,TD,.,.,.,.,.,.,Narrative retell-- stag,.,14,14,6.73,7.47,.,.,.,61,110,.,.,1.27,.,.,.,.,.,.,.,.,.,.,.,.,.,.,.,.,.,.,.,.,.,.,.,30
Max,eng,Fable_stag,.,13;5-14;9,.,TD,.,.,.,.,.,.,Narrative retell-- stag,.,52,47,17.44,19.44,.,.,.,202,569,.,.,2.94,.,.,.,.,.,.,.,.,.,.,.,.,.,.,.,.,.,.,.,.,.,.,.,30
SD,eng,Fable_stag,.,13;5-14;9,.,TD,.,.,.,.,.,.,Narrative retell-- stag,.,10.15,9.54,2.36,2.56,.,.,.,34.98,110.56,.,.,0.44,.,.,.,.,.,.,.,.,.,.,.,.,.,.,.,.,.,.,.,.,.,.,.,30
Mean,eng,DeSoto,.,9;3-10;0,.,TD,.,.,.,.,.,.,Narrative retell-- Dr. DeSoto,.,55.63,53.67,9.71,10.54,.,.,.,178.98,516.04,.,.,1.93,.,.,.,.,.,.,.,.,.,.,.,.,.,.,.,.,.,.,.,.,.,.,.,46
Min,eng,DeSoto,.,9;3-10;0,.,TD,.,.,.,.,.,.,Narrative retell-- Dr. DeSoto,.,16,16,7.28,8.14,.,.,.,84,194,.,.,1.51,.,.,.,.,.,.,.,.,.,.,.,.,.,.,.,.,.,.,.,.,.,.,.,46
Max,eng,DeSoto,.,9;3-10;0,.,TD,.,.,.,.,.,.,Narrative retell-- Dr. DeSoto,.,99,93,12.67,13.76,.,.,.,266,912,.,.,2.54,.,.,.,.,.,.,.,.,.,.,.,.,.,.,.,.,.,.,.,.,.,.,.,46
SD,eng,DeSoto,.,9;3-10;0,.,TD,.,.,.,.,.,.,Narrative retell-- Dr. DeSoto,.,16.95,16.04,1.36,1.48,.,.,.,40.08,153.35,.,.,0.25,.,.,.,.,.,.,.,.,.,.,.,.,.,.,.,.,.,.,.,.,.,.,.,46
Mean,eng,DeSoto,.,10;0-11;0,.,TD,.,.,.,.,.,.,Narrative retell-- Dr. DeSoto,.,51,49.97,10.03,11,.,.,.,174.18,501.56,.,.,1.96,.,.,.,.,.,.,.,.,.,.,.,.,.,.,.,.,.,.,.,.,.,.,.,39
Min,eng,DeSoto,.,10;0-11;0,.,TD,.,.,.,.,.,.,Narrative retell-- Dr. DeSoto,.,29,27,7.28,8.14,.,.,.,84,211,.,.,1.53,.,.,.,.,.,.,.,.,.,.,.,.,.,.,.,.,.,.,.,.,.,.,.,39
Max,eng,DeSoto,.,10;0-11;0,.,TD,.,.,.,.,.,.,Narrative retell-- Dr. DeSoto,.,83,82,13.45,15.02,.,.,.,249,856,.,.,2.63,.,.,.,.,.,.,.,.,.,.,.,.,.,.,.,.,.,.,.,.,.,.,.,39
SD,eng,DeSoto,.,10;0-11;0,.,TD,.,.,.,.,.,.,Narrative retell-- Dr. DeSoto,.,13.07,12.87,1.58,1.73,.,.,.,37.58,146.21,.,.,0.25,.,.,.,.,.,.,.,.,.,.,.,.,.,.,.,.,.,.,.,.,.,.,.,39
Mean,eng,DeSoto,.,11;0-12;0,.,TD,.,.,.,.,.,.,Narrative retell-- Dr. DeSoto,.,55.58,54.39,10.3,11.27,.,.,.,187.09,548.3,.,.,2.02,.,.,.,.,.,.,.,.,.,.,.,.,.,.,.,.,.,.,.,.,.,.,.,88
Min,eng,DeSoto,.,11;0-12;0,.,TD,.,.,.,.,.,.,Narrative retell-- Dr. DeSoto,.,22,20,7.35,8.12,.,.,.,102,235,.,.,1.51,.,.,.,.,.,.,.,.,.,.,.,.,.,.,.,.,.,.,.,.,.,.,.,88
Max,eng,DeSoto,.,11;0-12;0,.,TD,.,.,.,.,.,.,Narrative retell-- Dr. DeSoto,.,107,95,14.9,16.17,.,.,.,266,841,.,.,2.72,.,.,.,.,.,.,.,.,.,.,.,.,.,.,.,.,.,.,.,.,.,.,.,88
SD,eng,DeSoto,.,11;0-12;0,.,TD,.,.,.,.,.,.,Narrative retell-- Dr. DeSoto,.,15.58,15.15,1.47,1.6,.,.,.,34.66,126.1,.,.,0.25,.,.,.,.,.,.,.,.,.,.,.,.,.,.,.,.,.,.,.,.,.,.,.,88
Mean,eng,DeSoto,.,12;0-12;8,.,TD,.,.,.,.,.,.,Narrative retell-- Dr. DeSoto,.,53.42,52.3,10.54,11.52,.,.,.,182.88,546.21,.,.,2.08,.,.,.,.,.,.,.,.,.,.,.,.,.,.,.,.,.,.,.,.,.,.,.,43
Min,eng,DeSoto,.,12;0-12;8,.,TD,.,.,.,.,.,.,Narrative retell-- Dr. DeSoto,.,23,23,7.82,8.57,.,.,.,104,256,.,.,1.53,.,.,.,.,.,.,.,.,.,.,.,.,.,.,.,.,.,.,.,.,.,.,.,43
Max,eng,DeSoto,.,12;0-12;8,.,TD,.,.,.,.,.,.,Narrative retell-- Dr. DeSoto,.,95,94,13.6,14.76,.,.,.,280,930,.,.,2.69,.,.,.,.,.,.,.,.,.,.,.,.,.,.,.,.,.,.,.,.,.,.,.,43
SD,eng,DeSoto,.,12;0-12;8,.,TD,.,.,.,.,.,.,Narrative retell-- Dr. DeSoto,.,16.07,16.2,1.4,1.48,.,.,.,41.46,166.46,.,.,0.28,.,.,.,.,.,.,.,.,.,.,.,.,.,.,.,.,.,.,.,.,.,.,.,43
Mean,eng,Porcupine,.,9;0-9;11,.,TD,.,.,.,.,.,.,Narrative retell-- Porcupine,.,48.28,46.97,7.49,8.42,.,.,.,129.58,347.69,.,.,1.64,.,.,.,.,.,.,.,.,.,.,.,.,.,.,.,.,.,.,.,.,.,.,.,36
Min,eng,Porcupine,.,9;0-9;11,.,TD,.,.,.,.,.,.,Narrative retell-- Porcupine,.,30,30,5.48,6.29,.,.,.,88,199,.,.,1.26,.,.,.,.,.,.,.,.,.,.,.,.,.,.,.,.,.,.,.,.,.,.,.,36
Max,eng,Porcupine,.,9;0-9;11,.,TD,.,.,.,.,.,.,Narrative retell-- Porcupine,.,84,82,9.42,10.67,.,.,.,181,612,.,.,2.08,.,.,.,.,.,.,.,.,.,.,.,.,.,.,.,.,.,.,.,.,.,.,.,36
SD,eng,Porcupine,.,9;0-9;11,.,TD,.,.,.,.,.,.,Narrative retell-- Porcupine,.,12.29,12.12,0.97,1.06,.,.,.,22.1,83.85,.,.,0.21,.,.,.,.,.,.,.,.,.,.,.,.,.,.,.,.,.,.,.,.,.,.,.,36
Mean,eng,Porcupine,.,7;11-9;0,.,TD,.,.,.,.,.,.,Narrative retell-- Porcupine,.,46.96,45.35,7.03,7.93,.,.,.,123.13,316,.,.,1.58,.,.,.,.,.,.,.,.,.,.,.,.,.,.,.,.,.,.,.,.,.,.,.,23
Min,eng,Porcupine,.,7;11-9;0,.,TD,.,.,.,.,.,.,Narrative retell-- Porcupine,.,34,31,5.26,5.9,.,.,.,91,177,.,.,1.09,.,.,.,.,.,.,.,.,.,.,.,.,.,.,.,.,.,.,.,.,.,.,.,23
Max,eng,Porcupine,.,7;11-9;0,.,TD,.,.,.,.,.,.,Narrative retell-- Porcupine,.,71,71,9.09,10.16,.,.,.,155,459,.,.,2.03,.,.,.,.,.,.,.,.,.,.,.,.,.,.,.,.,.,.,.,.,.,.,.,23
SD,eng,Porcupine,.,7;11-9;0,.,TD,.,.,.,.,.,.,Narrative retell-- Porcupine,.,10.64,10.56,1.04,1.13,.,.,.,18.18,71.79,.,.,0.24,.,.,.,.,.,.,.,.,.,.,.,.,.,.,.,.,.,.,.,.,.,.,.,23
Mean,eng,Eng_FWAY,.,3;6-4;4,.,TD,.,.,.,.,.,.,Narrative retell FWAY,.,48.2,37.8,5.23,5.69,.,.,.,75,209.4,.,.,0.91,.,.,.,.,.,.,.,.,.,.,.,.,.,.,.,.,.,.,.,.,.,.,.,5
Min,eng,Eng_FWAY,.,3;6-4;4,.,TD,.,.,.,.,.,.,Narrative retell FWAY,.,27,23,3.23,3.58,.,.,.,35,84,.,.,0.54,.,.,.,.,.,.,.,.,.,.,.,.,.,.,.,.,.,.,.,.,.,.,.,5
Max,eng,Eng_FWAY,.,3;6-4;4,.,TD,.,.,.,.,.,.,Narrative retell FWAY,.,73,62,6.32,6.9,.,.,.,122,392,.,.,1.16,.,.,.,.,.,.,.,.,.,.,.,.,.,.,.,.,.,.,.,.,.,.,.,5
SD,eng,Eng_FWAY,.,3;6-4;4,.,TD,.,.,.,.,.,.,Narrative retell FWAY,.,19.69,16.39,1.33,1.43,.,.,.,35.09,126.46,.,.,0.23,.,.,.,.,.,.,.,.,.,.,.,.,.,.,.,.,.,.,.,.,.,.,.,5
Mean,eng,Eng_FWAY,.,4;7-5;0,.,TD,.,.,.,.,.,.,Narrative retell FWAY,.,41.84,35.47,6.25,6.8,.,.,.,80.79,224.58,.,.,1.14,.,.,.,.,.,.,.,.,.,.,.,.,.,.,.,.,.,.,.,.,.,.,.,19
Min,eng,Eng_FWAY,.,4;7-5;0,.,TD,.,.,.,.,.,.,Narrative retell FWAY,.,28,23,4.84,5.11,.,.,.,57,136,.,.,0.72,.,.,.,.,.,.,.,.,.,.,.,.,.,.,.,.,.,.,.,.,.,.,.,19
Max,eng,Eng_FWAY,.,4;7-5;0,.,TD,.,.,.,.,.,.,Narrative retell FWAY,.,89,70,8.58,9.23,.,.,.,126,502,.,.,1.45,.,.,.,.,.,.,.,.,.,.,.,.,.,.,.,.,.,.,.,.,.,.,.,19
SD,eng,Eng_FWAY,.,4;7-5;0,.,TD,.,.,.,.,.,.,Narrative retell FWAY,.,17.41,12.91,1.03,1.15,.,.,.,18.81,102.89,.,.,0.19,.,.,.,.,.,.,.,.,.,.,.,.,.,.,.,.,.,.,.,.,.,.,.,19
Mean,eng,Eng_FWAY,.,5;0-5;6,.,TD,.,.,.,.,.,.,Narrative retell FWAY,.,39.29,34.06,6.56,7.23,.,.,.,85.12,223.74,.,.,1.2,.,.,.,.,.,.,.,.,.,.,.,.,.,.,.,.,.,.,.,.,.,.,.,34
Min,eng,Eng_FWAY,.,5;0-5;6,.,TD,.,.,.,.,.,.,Narrative retell FWAY,.,26,20,4.84,5.11,.,.,.,57,125,.,.,0.72,.,.,.,.,.,.,.,.,.,.,.,.,.,.,.,.,.,.,.,.,.,.,.,34
Max,eng,Eng_FWAY,.,5;0-5;6,.,TD,.,.,.,.,.,.,Narrative retell FWAY,.,76,57,8.85,9.77,.,.,.,117,345,.,.,1.64,.,.,.,.,.,.,.,.,.,.,.,.,.,.,.,.,.,.,.,.,.,.,.,34
SD,eng,Eng_FWAY,.,5;0-5;6,.,TD,.,.,.,.,.,.,Narrative retell FWAY,.,10.75,8.32,0.94,1.09,.,.,.,15.49,62.42,.,.,0.17,.,.,.,.,.,.,.,.,.,.,.,.,.,.,.,.,.,.,.,.,.,.,.,34
Mean,eng,Eng_FWAY,.,5;6-6;0,.,TD,.,.,.,.,.,.,Narrative retell FWAY,.,38.47,35.36,6.84,7.58,.,.,.,90.19,241.72,.,.,1.26,.,.,.,.,.,.,.,.,.,.,.,.,.,.,.,.,.,.,.,.,.,.,.,47
Min,eng,Eng_FWAY,.,5;6-6;0,.,TD,.,.,.,.,.,.,Narrative retell FWAY,.,22,22,4.93,5.17,.,.,.,55,132,.,.,0.78,.,.,.,.,.,.,.,.,.,.,.,.,.,.,.,.,.,.,.,.,.,.,.,47
Max,eng,Eng_FWAY,.,5;6-6;0,.,TD,.,.,.,.,.,.,Narrative retell FWAY,.,60,56,8.85,9.77,.,.,.,136,368,.,.,1.66,.,.,.,.,.,.,.,.,.,.,.,.,.,.,.,.,.,.,.,.,.,.,.,47
SD,eng,Eng_FWAY,.,5;6-6;0,.,TD,.,.,.,.,.,.,Narrative retell FWAY,.,9.11,7.5,0.85,0.96,.,.,.,17.31,57.23,.,.,0.16,.,.,.,.,.,.,.,.,.,.,.,.,.,.,.,.,.,.,.,.,.,.,.,47
Mean,eng,Eng_FWAY,.,6;0-6;6,.,TD,.,.,.,.,.,.,Narrative retell FWAY,.,40.78,37.14,7.27,8.03,.,.,.,99.5,269.08,.,.,1.3,.,.,.,.,.,.,.,.,.,.,.,.,.,.,.,.,.,.,.,.,.,.,.,36
Min,eng,Eng_FWAY,.,6;0-6;6,.,TD,.,.,.,.,.,.,Narrative retell FWAY,.,24,24,5.69,6.46,.,.,.,67,175,.,.,1.04,.,.,.,.,.,.,.,.,.,.,.,.,.,.,.,.,.,.,.,.,.,.,.,36
Max,eng,Eng_FWAY,.,6;0-6;6,.,TD,.,.,.,.,.,.,Narrative retell FWAY,.,60,54,8.8,9.71,.,.,.,134,390,.,.,1.77,.,.,.,.,.,.,.,.,.,.,.,.,.,.,.,.,.,.,.,.,.,.,.,36
SD,eng,Eng_FWAY,.,6;0-6;6,.,TD,.,.,.,.,.,.,Narrative retell FWAY,.,9.24,7.42,0.67,0.71,.,.,.,13.96,53.92,.,.,0.15,.,.,.,.,.,.,.,.,.,.,.,.,.,.,.,.,.,.,.,.,.,.,.,36
Mean,eng,Eng_FWAY,.,6;6-7;0,.,TD,.,.,.,.,.,.,Narrative retell FWAY,.,40.88,38.12,7.6,8.35,.,.,.,100.53,290.26,.,.,1.34,.,.,.,.,.,.,.,.,.,.,.,.,.,.,.,.,.,.,.,.,.,.,.,43
Min,eng,Eng_FWAY,.,6;6-7;0,.,TD,.,.,.,.,.,.,Narrative retell FWAY,.,18,12,5.69,6.46,.,.,.,47,95,.,.,1.04,.,.,.,.,.,.,.,.,.,.,.,.,.,.,.,.,.,.,.,.,.,.,.,43
Max,eng,Eng_FWAY,.,6;6-7;0,.,TD,.,.,.,.,.,.,Narrative retell FWAY,.,82,77,9.55,10.23,.,.,.,150,588,.,.,1.69,.,.,.,.,.,.,.,.,.,.,.,.,.,.,.,.,.,.,.,.,.,.,.,43
SD,eng,Eng_FWAY,.,6;6-7;0,.,TD,.,.,.,.,.,.,Narrative retell FWAY,.,12.63,12.12,0.87,0.99,.,.,.,20.68,99.38,.,.,0.17,.,.,.,.,.,.,.,.,.,.,.,.,.,.,.,.,.,.,.,.,.,.,.,43
Mean,eng,Eng_FWAY,.,7;0-7;5,.,TD,.,.,.,.,.,.,Narrative retell FWAY,.,43.24,41.47,8.18,8.96,.,.,.,113.65,335.24,.,.,1.49,.,.,.,.,.,.,.,.,.,.,.,.,.,.,.,.,.,.,.,.,.,.,.,17
Min,eng,Eng_FWAY,.,7;0-7;5,.,TD,.,.,.,.,.,.,Narrative retell FWAY,.,27,26,5.89,6.36,.,.,.,74,190,.,.,1.13,.,.,.,.,.,.,.,.,.,.,.,.,.,.,.,.,.,.,.,.,.,.,.,17
Max,eng,Eng_FWAY,.,7;0-7;5,.,TD,.,.,.,.,.,.,Narrative retell FWAY,.,61,57,12.7,13.95,.,.,.,150,470,.,.,2.41,.,.,.,.,.,.,.,.,.,.,.,.,.,.,.,.,.,.,.,.,.,.,.,17
SD,eng,Eng_FWAY,.,7;0-7;5,.,TD,.,.,.,.,.,.,Narrative retell FWAY,.,8.61,8.47,1.79,1.97,.,.,.,20.43,78.75,.,.,0.31,.,.,.,.,.,.,.,.,.,.,.,.,.,.,.,.,.,.,.,.,.,.,.,17
Mean,eng,Tilstra,.,6;3,.,TD,.,.,.,.,.,.,Picture narrative,.,.,9.31,6,.,.,.,.,.,57.64,.,.,.,.,.,.,.,.,.,.,.,.,.,.,.,.,.,.,.,.,.,.,.,.,.,.,.
SD,eng,Tilstra,.,6;3,.,TD,.,.,.,.,.,.,Picture narrative,.,.,3.02,1.33,.,.,.,.,.,24.92,.,.,.,.,.,.,.,.,.,.,.,.,.,.,.,.,.,.,.,.,.,.,.,.,.,.,.
Mean,eng,Tilstra,.,7;4,.,TD,.,.,.,.,.,.,Picture narrative,.,.,9.89,6.33,.,.,.,.,.,59.6,.,.,.,.,.,.,.,.,.,.,.,.,.,.,.,.,.,.,.,.,.,.,.,.,.,.,.
SD,eng,Tilstra,.,7;4,.,TD,.,.,.,.,.,.,Picture narrative,.,.,4.42,1.3,.,.,.,.,.,27.67,.,.,.,.,.,.,.,.,.,.,.,.,.,.,.,.,.,.,.,.,.,.,.,.,.,.,.
Mean,eng,Tilstra,.,9;1,.,TD,.,.,.,.,.,.,Picture narrative,.,.,14.31,7.45,.,.,.,.,.,104.78,.,.,.,.,.,.,.,.,.,.,.,.,.,.,.,.,.,.,.,.,.,.,.,.,.,.,.
SD,eng,Tilstra,.,9;1,.,TD,.,.,.,.,.,.,Picture narrative,.,.,7.81,1.05,.,.,.,.,.,54.98,.,.,.,.,.,.,.,.,.,.,.,.,.,.,.,.,.,.,.,.,.,.,.,.,.,.,.
Mean,eng,SUGAR,.,3;0-3;5,.,TD,.,.,.,.,.,.,Narration,.,.,.,.,.,.,5.27,4.24,.,192.3,.,.,.,.,.,.,.,.,.,.,.,.,.,.,.,.,.,.,.,.,.,.,.,.,.,.,.
SD,eng,SUGAR,.,3;0-3;5,.,TD,.,.,.,.,.,.,Narration,.,.,.,.,.,.,1.39,1.37,.,61.22,.,.,.,.,.,.,.,.,.,.,.,.,.,.,.,.,.,.,.,.,.,.,.,.,.,.,.
Mean,eng,SUGAR,.,3;6-3;11,.,TD,.,.,.,.,.,.,Narration,.,.,.,.,.,.,6.24,5.41,.,244.05,.,.,.,.,.,.,.,.,.,.,.,.,.,.,.,.,.,.,.,.,.,.,.,.,.,.,.
SD,eng,SUGAR,.,3;6-3;11,.,TD,.,.,.,.,.,.,Narration,.,.,.,.,.,.,1.17,1.28,.,58.07,.,.,.,.,.,.,.,.,.,.,.,.,.,.,.,.,.,.,.,.,.,.,.,.,.,.,.
Mean,eng,SUGAR,.,4;0-4;5,.,TD,.,.,.,.,.,.,Narration,.,.,.,.,.,.,6.48,5.79,.,261.4,.,.,.,.,.,.,.,.,.,.,.,.,.,.,.,.,.,.,.,.,.,.,.,.,.,.,.
SD,eng,SUGAR,.,4;0-4;5,.,TD,.,.,.,.,.,.,Narration,.,.,.,.,.,.,1.37,1.53,.,69.98,.,.,.,.,.,.,.,.,.,.,.,.,.,.,.,.,.,.,.,.,.,.,.,.,.,.,.
Mean,eng,SUGAR,.,4;6-4;11,.,TD,.,.,.,.,.,.,Narration,.,.,.,.,.,.,6.97,6.18,.,278.71,.,.,.,.,.,.,.,.,.,.,.,.,.,.,.,.,.,.,.,.,.,.,.,.,.,.,.
SD,eng,SUGAR,.,4;6-4;11,.,TD,.,.,.,.,.,.,Narration,.,.,.,.,.,.,1.26,1.32,.,60.14,.,.,.,.,.,.,.,.,.,.,.,.,.,.,.,.,.,.,.,.,.,.,.,.,.,.,.
Mean,eng,SUGAR,.,5;0-5;11,.,TD,.,.,.,.,.,.,Narration,.,.,.,.,.,.,7.33,6.66,.,299.81,.,.,.,.,.,.,.,.,.,.,.,.,.,.,.,.,.,.,.,.,.,.,.,.,.,.,.
SD,eng,SUGAR,.,5;0-5;11,.,TD,.,.,.,.,.,.,Narration,.,.,.,.,.,.,1.21,1.35,.,61.46,.,.,.,.,.,.,.,.,.,.,.,.,.,.,.,.,.,.,.,.,.,.,.,.,.,.,.
Mean,eng,SUGAR,.,6;0-6;11,.,TD,.,.,.,.,.,.,Narration,.,.,.,.,.,.,8.05,7.6,.,337.73,.,.,.,.,.,.,.,.,.,.,.,.,.,.,.,.,.,.,.,.,.,.,.,.,.,.,.
SD,eng,SUGAR,.,6;0-6;11,.,TD,.,.,.,.,.,.,Narration,.,.,.,.,.,.,1.42,1.6,.,72.5,.,.,.,.,.,.,.,.,.,.,.,.,.,.,.,.,.,.,.,.,.,.,.,.,.,.,.
Mean,eng,SUGAR,.,7;0-8;11,.,TD,.,.,.,.,.,.,Narration,.,.,.,.,.,.,8.87,8.59,.,379.63,.,.,.,.,.,.,.,.,.,.,.,.,.,.,.,.,.,.,.,.,.,.,.,.,.,.,.
SD,eng,SUGAR,.,7;0-8;11,.,TD,.,.,.,.,.,.,Narration,.,.,.,.,.,.,1.19,1.4,.,59.28,.,.,.,.,.,.,.,.,.,.,.,.,.,.,.,.,.,.,.,.,.,.,.,.,.,.,.
Mean,eng,SUGAR,.,9;0-10;11,.,TD,.,.,.,.,.,.,Narration,.,.,.,.,.,.,9.7,9.61,.,421.36,.,.,.,.,.,.,.,.,.,.,.,.,.,.,.,.,.,.,.,.,.,.,.,.,.,.,.
SD,eng,SUGAR,.,9;0-10;11,.,TD,.,.,.,.,.,.,Narration,.,.,.,.,.,.,1.4,1.52,.,66.61,.,.,.,.,.,.,.,.,.,.,.,.,.,.,.,.,.,.,.,.,.,.,.,.,.,.,.
Mean,eng,Heilmann,.,5;0-7;0,.,TD,.,.,.,.,.,.,Narrative retell,.,.,.,.,7,.,.,.,92.5,264.1,.,.,.,.,.,.,.,.,.,.,.,.,.,.,.,.,.,.,.,.,.,.,.,.,.,.,.
SD,eng,Heilmann,.,5;0-7;0,.,TD,.,.,.,.,.,.,Narrative retell,.,.,.,.,0.9,.,.,.,19,77.2,.,.,.,.,.,.,.,.,.,.,.,.,.,.,.,.,.,.,.,.,.,.,.,.,.,.,.
Mean,eng,Rice_TD,.,2;6-2;11,.,TD,.,.,.,.,.,.,Conversation,.,265.6,219.1,2.91,3.23,.,.,.,.,.,.,.,.,.,.,.,.,.,.,.,.,.,.,.,.,.,.,.,.,.,.,.,.,.,.,.,.
SD,eng,Rice_TD,.,2;6-2;11,.,TD,.,.,.,.,.,.,Conversation,.,64,66.6,0.58,0.71,.,.,.,.,.,.,.,.,.,.,.,.,.,.,.,.,.,.,.,.,.,.,.,.,.,.,.,.,.,.,.,.
Mean,eng,Rice_SLI,.,2;6-2;11,.,SLI,.,.,.,.,.,.,Conversation,.,235.2,155.5,2.37,2.59,.,.,.,.,.,.,.,.,.,.,.,.,.,.,.,.,.,.,.,.,.,.,.,.,.,.,.,.,.,.,.,.
SD,eng,Rice_SLI,.,2;6-2;11,.,SLI,.,.,.,.,.,.,Conversation,.,63.3,54.8,0.32,0.39,.,.,.,.,.,.,.,.,.,.,.,.,.,.,.,.,.,.,.,.,.,.,.,.,.,.,.,.,.,.,.,.
Mean,eng,Rice_TD,.,3;0-3;5,.,TD,.,.,.,.,.,.,Conversation,.,271.5,219.1,2.43,3.81,.,.,.,.,.,.,.,.,.,.,.,.,.,.,.,.,.,.,.,.,.,.,.,.,.,.,.,.,.,.,.,.
SD,eng,Rice_TD,.,3;0-3;5,.,TD,.,.,.,.,.,.,Conversation,.,74.5,56.9,0.61,0.69,.,.,.,.,.,.,.,.,.,.,.,.,.,.,.,.,.,.,.,.,.,.,.,.,.,.,.,.,.,.,.,.
Mean,eng,Rice_SLI,.,3;0-3;5,.,SLI,.,.,.,.,.,.,Conversation,.,261.3,177.6,2.84,3.07,.,.,.,.,.,.,.,.,.,.,.,.,.,.,.,.,.,.,.,.,.,.,.,.,.,.,.,.,.,.,.,.
SD,eng,Rice_SLI,.,3;0-3;5,.,SLI,.,.,.,.,.,.,Conversation,.,78,66.2,0.38,0.48,.,.,.,.,.,.,.,.,.,.,.,.,.,.,.,.,.,.,.,.,.,.,.,.,.,.,.,.,.,.,.,.
Mean,eng,Rice_TD,.,3;6-3;11,.,TD,.,.,.,.,.,.,Conversation,.,256.2,203.9,3.71,4.09,.,.,.,.,.,.,.,.,.,.,.,.,.,.,.,.,.,.,.,.,.,.,.,.,.,.,.,.,.,.,.,.
SD,eng,Rice_TD,.,3;6-3;11,.,TD,.,.,.,.,.,.,Conversation,.,53.8,56.6,0.58,0.67,.,.,.,.,.,.,.,.,.,.,.,.,.,.,.,.,.,.,.,.,.,.,.,.,.,.,.,.,.,.,.,.
Mean,eng,Rice_SLI,.,3;6-3;11,.,SLI,.,.,.,.,.,.,Conversation,.,249,176.8,3.1,3.36,.,.,.,.,.,.,.,.,.,.,.,.,.,.,.,.,.,.,.,.,.,.,.,.,.,.,.,.,.,.,.,.
SD,eng,Rice_SLI,.,3;6-3;11,.,SLI,.,.,.,.,.,.,Conversation,.,89.3,66.4,0.75,0.8,.,.,.,.,.,.,.,.,.,.,.,.,.,.,.,.,.,.,.,.,.,.,.,.,.,.,.,.,.,.,.,.
Mean,eng,Rice_TD,.,4;0-4;5,.,TD,.,.,.,.,.,.,Conversation,.,282.6,224.2,4.1,4.57,.,.,.,.,.,.,.,.,.,.,.,.,.,.,.,.,.,.,.,.,.,.,.,.,.,.,.,.,.,.,.,.
SD,eng,Rice_TD,.,4;0-4;5,.,TD,.,.,.,.,.,.,Conversation,.,75.3,72.7,0.65,0.76,.,.,.,.,.,.,.,.,.,.,.,.,.,.,.,.,.,.,.,.,.,.,.,.,.,.,.,.,.,.,.,.
Mean,eng,Rice_SLI,.,4;0-4;5,.,SLI,.,.,.,.,.,.,Conversation,.,282.6,198.2,3.31,3.64,.,.,.,.,.,.,.,.,.,.,.,.,.,.,.,.,.,.,.,.,.,.,.,.,.,.,.,.,.,.,.,.
SD,eng,Rice_SLI,.,4;0-4;5,.,SLI,.,.,.,.,.,.,Conversation,.,93.8,76.4,0.7,0.8,.,.,.,.,.,.,.,.,.,.,.,.,.,.,.,.,.,.,.,.,.,.,.,.,.,.,.,.,.,.,.,.
Mean,eng,Rice_TD,.,4;6-4;11,.,TD,.,.,.,.,.,.,Conversation,.,278.1,232,4.28,4.75,.,.,.,.,.,.,.,.,.,.,.,.,.,.,.,.,.,.,.,.,.,.,.,.,.,.,.,.,.,.,.,.
SD,eng,Rice_TD,.,4;6-4;11,.,TD,.,.,.,.,.,.,Conversation,.,77.6,69.8,0.72,0.79,.,.,.,.,.,.,.,.,.,.,.,.,.,.,.,.,.,.,.,.,.,.,.,.,.,.,.,.,.,.,.,.
Mean,eng,Rice_SLI,.,4;6-4;11,.,SLI,.,.,.,.,.,.,Conversation,.,284.7,213.2,3.6,3.95,.,.,.,.,.,.,.,.,.,.,.,.,.,.,.,.,.,.,.,.,.,.,.,.,.,.,.,.,.,.,.,.
SD,eng,Rice_SLI,.,4;6-4;11,.,SLI,.,.,.,.,.,.,Conversation,.,71.3,63.5,0.62,0.7,.,.,.,.,.,.,.,.,.,.,.,.,.,.,.,.,.,.,.,.,.,.,.,.,.,.,.,.,.,.,.,.
Mean,eng,Rice_TD,.,5;0-5;5,.,TD,.,.,.,.,.,.,Conversation,.,274,223.6,4.38,4.88,.,.,.,.,.,.,.,.,.,.,.,.,.,.,.,.,.,.,.,.,.,.,.,.,.,.,.,.,.,.,.,.
SD,eng,Rice_TD,.,5;0-5;5,.,TD,.,.,.,.,.,.,Conversation,.,62.7,51,0.63,0.72,.,.,.,.,.,.,.,.,.,.,.,.,.,.,.,.,.,.,.,.,.,.,.,.,.,.,.,.,.,.,.,.
Mean,eng,Rice_SLI,.,5;0-5;5,.,SLI,.,.,.,.,.,.,Conversation,.,292.1,223.1,3.72,4.09,.,.,.,.,.,.,.,.,.,.,.,.,.,.,.,.,.,.,.,.,.,.,.,.,.,.,.,.,.,.,.,.
SD,eng,Rice_SLI,.,5;0-5;5,.,SLI,.,.,.,.,.,.,Conversation,.,76.2,55.8,0.61,0.7,.,.,.,.,.,.,.,.,.,.,.,.,.,.,.,.,.,.,.,.,.,.,.,.,.,.,.,.,.,.,.,.
Mean,eng,Rice_TD,.,5;6-5;11,.,TD,.,.,.,.,.,.,Conversation,.,278.2,224,4.47,4.96,.,.,.,.,.,.,.,.,.,.,.,.,.,.,.,.,.,.,.,.,.,.,.,.,.,.,.,.,.,.,.,.
SD,eng,Rice_TD,.,5;6-5;11,.,TD,.,.,.,.,.,.,Conversation,.,79.9,65,0.61,0.7,.,.,.,.,.,.,.,.,.,.,.,.,.,.,.,.,.,.,.,.,.,.,.,.,.,.,.,.,.,.,.,.
Mean,eng,Rice_SLI,.,5;6-5;11,.,SLI,.,.,.,.,.,.,Conversation,.,289,222.5,3.95,4.34,.,.,.,.,.,.,.,.,.,.,.,.,.,.,.,.,.,.,.,.,.,.,.,.,.,.,.,.,.,.,.,.
SD,eng,Rice_SLI,.,5;6-5;11,.,SLI,.,.,.,.,.,.,Conversation,.,83.6,64.3,0.6,0.67,.,.,.,.,.,.,.,.,.,.,.,.,.,.,.,.,.,.,.,.,.,.,.,.,.,.,.,.,.,.,.,.
Mean,eng,Rice_TD,.,6;0-6;5,.,TD,.,.,.,.,.,.,Conversation,.,291.2,236.3,4.57,5.07,.,.,.,.,.,.,.,.,.,.,.,.,.,.,.,.,.,.,.,.,.,.,.,.,.,.,.,.,.,.,.,.
SD,eng,Rice_TD,.,6;0-6;5,.,TD,.,.,.,.,.,.,Conversation,.,86.2,72.2,0.66,0.75,.,.,.,.,.,.,.,.,.,.,.,.,.,.,.,.,.,.,.,.,.,.,.,.,.,.,.,.,.,.,.,.
Mean,eng,Rice_SLI,.,6;0-6;5,.,SLI,.,.,.,.,.,.,Conversation,.,275.7,217.2,3.98,4.38,.,.,.,.,.,.,.,.,.,.,.,.,.,.,.,.,.,.,.,.,.,.,.,.,.,.,.,.,.,.,.,.
SD,eng,Rice_SLI,.,6;0-6;5,.,SLI,.,.,.,.,.,.,Conversation,.,86.1,68.4,0.7,0.75,.,.,.,.,.,.,.,.,.,.,.,.,.,.,.,.,.,.,.,.,.,.,.,.,.,.,.,.,.,.,.,.
Mean,eng,Rice_TD,.,6;6-6;11,.,TD,.,.,.,.,.,.,Conversation,.,285.7,228.3,4.7,5.22,.,.,.,.,.,.,.,.,.,.,.,.,.,.,.,.,.,.,.,.,.,.,.,.,.,.,.,.,.,.,.,.
SD,eng,Rice_TD,.,6;6-6;11,.,TD,.,.,.,.,.,.,Conversation,.,96.6,80.6,0.66,0.71,.,.,.,.,.,.,.,.,.,.,.,.,.,.,.,.,.,.,.,.,.,.,.,.,.,.,.,.,.,.,.,.
Mean,eng,Rice_SLI,.,6;6-6;11,.,SLI,.,.,.,.,.,.,Conversation,.,281.2,214.5,4.18,4.63,.,.,.,.,.,.,.,.,.,.,.,.,.,.,.,.,.,.,.,.,.,.,.,.,.,.,.,.,.,.,.,.
SD,eng,Rice_SLI,.,6;6-6;11,.,SLI,.,.,.,.,.,.,Conversation,.,97,73.1,0.71,0.79,.,.,.,.,.,.,.,.,.,.,.,.,.,.,.,.,.,.,.,.,.,.,.,.,.,.,.,.,.,.,.,.
Mean,eng,Rice_TD,.,7;0-7;5,.,TD,.,.,.,.,.,.,Conversation,.,275.6,221.5,4.72,5.22,.,.,.,.,.,.,.,.,.,.,.,.,.,.,.,.,.,.,.,.,.,.,.,.,.,.,.,.,.,.,.,.
SD,eng,Rice_TD,.,7;0-7;5,.,TD,.,.,.,.,.,.,Conversation,.,90.3,77.4,0.83,0.91,.,.,.,.,.,.,.,.,.,.,.,.,.,.,.,.,.,.,.,.,.,.,.,.,.,.,.,.,.,.,.,.
Mean,eng,Rice_SLI,.,7;0-7;5,.,SLI,.,.,.,.,.,.,Conversation,.,277,217.1,4.15,4.56,.,.,.,.,.,.,.,.,.,.,.,.,.,.,.,.,.,.,.,.,.,.,.,.,.,.,.,.,.,.,.,.
SD,eng,Rice_SLI,.,7;0-7;5,.,SLI,.,.,.,.,.,.,Conversation,.,97.9,77,0.62,0.69,.,.,.,.,.,.,.,.,.,.,.,.,.,.,.,.,.,.,.,.,.,.,.,.,.,.,.,.,.,.,.,.
Mean,eng,Rice_TD,.,7;6-7;11,.,TD,.,.,.,.,.,.,Conversation,.,271.5,218,4.92,5.45,.,.,.,.,.,.,.,.,.,.,.,.,.,.,.,.,.,.,.,.,.,.,.,.,.,.,.,.,.,.,.,.
SD,eng,Rice_TD,.,7;6-7;11,.,TD,.,.,.,.,.,.,Conversation,.,94.5,79.3,1.03,1.13,.,.,.,.,.,.,.,.,.,.,.,.,.,.,.,.,.,.,.,.,.,.,.,.,.,.,.,.,.,.,.,.
Mean,eng,Rice_SLI,.,7;6-7;11,.,SLI,.,.,.,.,.,.,Conversation,.,280,217.4,4.33,4.77,.,.,.,.,.,.,.,.,.,.,.,.,.,.,.,.,.,.,.,.,.,.,.,.,.,.,.,.,.,.,.,.
SD,eng,Rice_SLI,.,7;6-7;11,.,SLI,.,.,.,.,.,.,Conversation,.,89,76.5,0.88,0.96,.,.,.,.,.,.,.,.,.,.,.,.,.,.,.,.,.,.,.,.,.,.,.,.,.,.,.,.,.,.,.,.
Mean,eng,Rice_TD,.,8;0-8;5,.,TD,.,.,.,.,.,.,Conversation,.,278,229.7,5.08,5.67,.,.,.,.,.,.,.,.,.,.,.,.,.,.,.,.,.,.,.,.,.,.,.,.,.,.,.,.,.,.,.,.
SD,eng,Rice_TD,.,8;0-8;5,.,TD,.,.,.,.,.,.,Conversation,.,92.9,81.8,0.84,0.97,.,.,.,.,.,.,.,.,.,.,.,.,.,.,.,.,.,.,.,.,.,.,.,.,.,.,.,.,.,.,.,.
Mean,eng,Rice_SLI,.,8;0-8;5,.,SLI,.,.,.,.,.,.,Conversation,.,266.1,212.4,4.36,4.8,.,.,.,.,.,.,.,.,.,.,.,.,.,.,.,.,.,.,.,.,.,.,.,.,.,.,.,.,.,.,.,.
SD,eng,Rice_SLI,.,8;0-8;5,.,SLI,.,.,.,.,.,.,Conversation,.,91.8,78.5,0.75,0.83,.,.,.,.,.,.,.,.,.,.,.,.,.,.,.,.,.,.,.,.,.,.,.,.,.,.,.,.,.,.,.,.
Mean,eng,Rice_TD,.,8;6-8;11,.,TD,.,.,.,.,.,.,Conversation,.,280.1,228.2,4.99,5.51,.,.,.,.,.,.,.,.,.,.,.,.,.,.,.,.,.,.,.,.,.,.,.,.,.,.,.,.,.,.,.,.
SD,eng,Rice_TD,.,8;6-8;11,.,TD,.,.,.,.,.,.,Conversation,.,98.6,80.6,0.71,0.79,.,.,.,.,.,.,.,.,.,.,.,.,.,.,.,.,.,.,.,.,.,.,.,.,.,.,.,.,.,.,.,.
Mean,eng,Rice_SLI,.,8;6-8;11,.,SLI,.,.,.,.,.,.,Conversation,.,289.7,227.9,4.49,4.97,.,.,.,.,.,.,.,.,.,.,.,.,.,.,.,.,.,.,.,.,.,.,.,.,.,.,.,.,.,.,.,.
SD,eng,Rice_SLI,.,8;6-8;11,.,SLI,.,.,.,.,.,.,Conversation,.,93.9,76.9,0.86,0.93,.,.,.,.,.,.,.,.,.,.,.,.,.,.,.,.,.,.,.,.,.,.,.,.,.,.,.,.,.,.,.,.
Mean,eng,Leadholm_Narr,.,3;0-3;11,.,TD,.,.,.,.,.,.,Narration,.,143,100,.,4.01,.,.,.,.,364,127,.,.,.,.,.,.,.,.,.,.,.,7,.,.,8,3,.,.,4,3,.,.,.,.,.,42
SD,eng,Leadholm_Narr,.,3;0-3;11,.,TD,.,.,.,.,.,.,Narration,.,34,100,.,0.88,.,.,.,.,82,23,.,.,.,.,.,.,.,.,.,.,.,5,.,.,5,3,.,.,4,3,.,.,.,.,.,42
Mean,eng,Leadholm_Narr,.,4;0-4;11,.,TD,.,.,.,.,.,.,Narration,.,121,100,.,5.23,.,.,.,.,478,163,.,.,.,.,.,.,.,.,.,.,.,4,.,.,13,3,.,.,6,6,.,.,.,.,.,30
SD,eng,Leadholm_Narr,.,4;0-4;11,.,TD,.,.,.,.,.,.,Narration,.,32,100,.,1.02,.,.,.,.,94,23,.,.,.,.,.,.,.,.,.,.,.,4,.,.,7,3,.,.,5,6,.,.,.,.,.,30
Mean,eng,Leadholm_Narr,.,5;0-5;11,.,TD,.,.,.,.,.,.,Narration,.,140,100,.,6.06,.,.,.,.,553,178,.,.,.,.,.,.,.,.,.,.,.,7,.,.,11,7,.,.,8,7,.,.,.,.,.,28
SD,eng,Leadholm_Narr,.,5;0-5;11,.,TD,.,.,.,.,.,.,Narration,.,22,100,.,0.94,.,.,.,.,91,18,.,.,.,.,.,.,.,.,.,.,.,5,.,.,5,5,.,.,5,7,.,.,.,.,.,28
Mean,eng,Leadholm_Narr,.,6;0-6;11,.,TD,.,.,.,.,.,.,Narration,.,146,100,.,6.17,.,.,.,.,564,180,.,.,.,.,.,.,.,.,.,.,.,6,.,.,10,5,.,.,11,6,.,.,.,.,.,35
SD,eng,Leadholm_Narr,.,6;0-6;11,.,TD,.,.,.,.,.,.,Narration,.,27,100,.,1.02,.,.,.,.,112,26,.,.,.,.,.,.,.,.,.,.,.,4,.,.,5,4,.,.,5,6,.,.,.,.,.,35
Mean,eng,Leadholm_Narr,.,7;0,.,TD,.,.,.,.,.,.,Narration,.,154,100,.,7.32,.,.,.,.,663,194,.,.,.,.,.,.,.,.,.,.,.,9,.,.,14,5,.,.,12,10,.,.,.,.,.,50
SD,eng,Leadholm_Narr,.,7;0,.,TD,.,.,.,.,.,.,Narration,.,32,100,.,1.06,.,.,.,.,97,20,.,.,.,.,.,.,.,.,.,.,.,5,.,.,6,4,.,.,7,13,.,.,.,.,.,50
Mean,eng,Leadholm_Narr,.,9;0,.,TD,.,.,.,.,.,.,Narration,.,184,100,.,8.8,.,.,.,.,800,205,.,.,.,.,.,.,.,.,.,.,.,11,.,.,17,6,.,.,16,10,.,.,.,.,.,27
SD,eng,Leadholm_Narr,.,9;0,.,TD,.,.,.,.,.,.,Narration,.,35,100,.,1.64,.,.,.,.,148,29,.,.,.,.,.,.,.,.,.,.,.,5,.,.,6,4,.,.,8,11,.,.,.,.,.,27
Mean,eng,Leadholm_Narr,.,11;0,.,TD,.,.,.,.,.,.,Narration,.,167,100,.,9.83,.,.,.,.,878,253,.,.,.,.,.,.,.,.,.,.,.,15,.,.,23,2,.,.,17,19,.,.,.,.,.,27
SD,eng,Leadholm_Narr,.,11;0,.,TD,.,.,.,.,.,.,Narration,.,26,100,.,1.59,.,.,.,.,138,34,.,.,.,.,.,.,.,.,.,.,.,7,.,.,9,2,.,.,7,18,.,.,.,.,.,27
Mean,eng,Leadholm_Narr,.,13;0,.,TD,.,.,.,.,.,.,Narration,.,200,100,.,9.32,.,.,.,.,842,237,.,.,.,.,.,.,.,.,.,.,.,11,.,.,20,2,.,.,14,16,.,.,.,.,.,27
SD,eng,Leadholm_Narr,.,13;0,.,TD,.,.,.,.,.,.,Narration,.,46,100,.,1.49,.,.,.,.,132,27,.,.,.,.,.,.,.,.,.,.,.,6,.,.,9,2,.,.,6,12,.,.,.,.,.,27
Mean,eng,Leadholm_Convo,.,3;0-3;11,.,TD,.,.,.,.,.,.,Conversation,.,137,100,.,3.38,.,.,.,.,310,118,.,.,.,.,.,.,.,.,.,.,.,3,.,.,7,1,.,.,2,2,.,.,.,.,.,42
SD,eng,Leadholm_Convo,.,3;0-3;11,.,TD,.,.,.,.,.,.,Conversation,.,34,100,.,0.48,.,.,.,.,118,20,.,.,.,.,.,.,.,.,.,.,.,2,.,.,4,2,.,.,2,3,.,.,.,.,.,42
Mean,eng,Leadholm_Convo,.,4;0-4;11,.,TD,.,.,.,.,.,.,Conversation,.,138,100,.,4.22,.,.,.,.,384,144,.,.,.,.,.,.,.,.,.,.,.,3,.,.,11,1,.,.,2,4,.,.,.,.,.,30
SD,eng,Leadholm_Convo,.,4;0-4;11,.,TD,.,.,.,.,.,.,Conversation,.,33,100,.,1.02,.,.,.,.,90,26,.,.,.,.,.,.,.,.,.,.,.,3,.,.,7,1,.,.,2,3,.,.,.,.,.,30
Mean,eng,Leadholm_Convo,.,5;0-5;11,.,TD,.,.,.,.,.,.,Conversation,.,149,100,.,5.71,.,.,.,.,520,181,.,.,.,.,.,.,.,.,.,.,.,5,.,.,15,2,.,.,4,7,.,.,.,.,.,28
SD,eng,Leadholm_Convo,.,5;0-5;11,.,TD,.,.,.,.,.,.,Conversation,.,27,100,.,0.91,.,.,.,.,81,25,.,.,.,.,.,.,.,.,.,.,.,4,.,.,8,2,.,.,3,5,.,.,.,.,.,28
Mean,eng,Leadholm_Convo,.,6;0-6;11,.,TD,.,.,.,.,.,.,Conversation,.,154,100,.,5.49,.,.,.,.,499,177,.,.,.,.,.,.,.,.,.,.,.,4,.,.,17,2,.,.,4,6,.,.,.,.,.,35
SD,eng,Leadholm_Convo,.,6;0-6;11,.,TD,.,.,.,.,.,.,Conversation,.,33,100,.,0.97,.,.,.,.,86,23,.,.,.,.,.,.,.,.,.,.,.,3,.,.,8,2,.,.,3,5,.,.,.,.,.,35
Mean,eng,Leadholm_Convo,.,7;0,.,TD,.,.,.,.,.,.,Conversation,.,170,100,.,5.92,.,.,.,.,540,192,.,.,.,.,.,.,.,.,.,.,.,4,.,.,17,2,.,.,5,6,.,.,.,.,.,50
SD,eng,Leadholm_Convo,.,7;0,.,TD,.,.,.,.,.,.,Conversation,.,32,100,.,0.9,.,.,.,.,83,19,.,.,.,.,.,.,.,.,.,.,.,3,.,.,6,2,.,.,3,5,.,.,.,.,.,50
Mean,eng,Leadholm_Convo,.,9;0,.,TD,.,.,.,.,.,.,Conversation,.,181,100,.,6.5,.,.,.,.,592,209,.,.,.,.,.,.,.,.,.,.,.,4,.,.,20,3,.,.,4,6,.,.,.,.,.,27
SD,eng,Leadholm_Convo,.,9;0,.,TD,.,.,.,.,.,.,Conversation,.,31,100,.,10.6,.,.,.,.,95,26,.,.,.,.,.,.,.,.,.,.,.,3,.,.,8,2,.,.,2,3,.,.,.,.,.,27
Mean,eng,Leadholm_Convo,.,11;0,.,TD,.,.,.,.,.,.,Conversation,.,169,100,.,7.62,.,.,.,.,693,229,.,.,.,.,.,.,.,.,.,.,.,6,.,.,20,5,.,.,6,7,.,.,.,.,.,27
SD,eng,Leadholm_Convo,.,11;0,.,TD,.,.,.,.,.,.,Conversation,.,38,100,.,1.94,.,.,.,.,175,38,.,.,.,.,.,.,.,.,.,.,.,4,.,.,7,4,.,.,4,5,.,.,.,.,.,27
Mean,eng,Leadholm_Convo,.,13;0,.,TD,.,.,.,.,.,.,Conversation,.,200,100,.,6.99,.,.,.,.,637,216,.,.,.,.,.,.,.,.,.,.,.,7,.,.,19,1,.,.,7,5,.,.,.,.,.,27
SD,eng,Leadholm_Convo,.,13;0,.,TD,.,.,.,.,.,.,Conversation,.,43,100,.,1.43,.,.,.,.,134,31,.,.,.,.,.,.,.,.,.,.,.,3,.,.,5,1,.,.,3,4,.,.,.,.,.,27
